Workbook

Sheet Resumo
B3: Faturamento Anual
B4: Sompo Services
B7: COMP | C7: VALOR BRUTO | D7: RET ISS | E7: RET FED | F7: VALOR LÍQUIDO
B8: 46023
B9: 46054
B10: 46082
B11: 46113
B12: 46143
B13: 46174
B14: 46204
B15: 46235
B16: 46266
B17: 46296
B18: 46327
B19: 46357
B20: TOTAL | C20: =SUM(C8:C19) -> 0 | D20: =SUM(D8:D19) -> 0 | E20: =SUM(E8:E19) -> 0 | F20: =SUM(F8:F19) -> 0

Sheet FATURAMENTO
A1: Faturamento e Apuração dos Tributos - Notas Fiscais emitidas
A2: SOMPO SERVICES GESTAO DE RISCOS E VISTORIA LTDA | K2: 46.206.637/0001-30
A4: COMP EMISSÃO | B4: DATA EMISSÃO | C4: Prefeitura | D4: Nº NF | E4: Numero SAP | F4: Valor N. Fiscal | G4: ISS - 5% | H4: IRRF - 1,5% | I4: CSLL - 1% | J4: COFINS- 3% | K4: PIS- 0,65% | L4: TOTAL CSRF | M4: Valor | N4: DOC REC BANCO | O4: Dt. Dep. | P4: COMP RECEBIMENTO | Q4: Cód | R4: BP | S4: Razão | T4: CNPJ | U4: REGIME | V4: CONTA BANCO
A5: =TEXT(B5,"mm/aaaa") -> 01/2026 | B5: 46028 | C5: SP | D5: 248 | E5: 1800000015 | F5: 547.5 | G5: 0 | H5: 0 | I5: =ROUND(F5*1%,2) -> 5.48 | J5: =ROUND(F5*3%,2) -> 16.43 | K5: =ROUND(F5*0.65%,2) -> 3.56 | L5: =SUM(I5:K5) -> 25.47 | M5: =F5-H5-I5-J5-K5 -> 522.03 | N5: 1400000015 | O5: 46043 | P5: =TEXT(O5,"mm/aaaa") -> 01/2026 | Q5: TELERISCO | R5: 1002640697 | S5: COOP DE TRANSP AUTONOMOS DE BENS DE SALTO E REGIAO | T5: 5370882000109 | U5: NÃO optante pelo Simples Nacional | V5: 11311094
A6: =TEXT(B6,"mm/aaaa") -> 01/2026 | B6: 46028 | C6: SP | D6: 249 | E6: 1800000000 | F6: 20758.5 | G6: 0 | H6: =ROUND(F6*1.5%,2) -> 311.38 | I6: =ROUND(F6*1%,2) -> 207.59 | J6: =ROUND(F6*3%,2) -> 622.76 | K6: =ROUND(F6*0.65%,2) -> 134.93 | L6: =SUM(I6:K6) -> 965.28 | M6: =F6-H6-I6-J6-K6 -> 19481.84 | N6: 1400000030 | O6: 46043 | P6: =TEXT(O6,"mm/aaaa") -> 01/2026 | Q6: TELERISCO | R6: 1001187614 | S6: INTEGRA BRASIL TRANSPORTES LTDA | T6: 9395767000131 | U6: NÃO optante pelo Simples Nacional | V6: 11311094
A7: =TEXT(B7,"mm/aaaa") -> 01/2026 | B7: 46028 | C7: SP | D7: 250 | E7: 1800000045 | F7: 1242 | G7: 0 | H7: =ROUND(F7*1.5%,2) -> 18.63 | I7: =ROUND(F7*1%,2) -> 12.42 | J7: =ROUND(F7*3%,2) -> 37.26 | K7: =ROUND(F7*0.65%,2) -> 8.07 | L7: =SUM(I7:K7) -> 57.75 | M7: =F7-H7-I7-J7-K7 -> 1165.62 | N7: 1400000045 | O7: 46043 | P7: =TEXT(O7,"mm/aaaa") -> 01/2026 | Q7: TELERISCO | R7: 1014825740 | S7: PC LOGISTICA LTDA | T7: 44120318000181 | U7: NÃO optante pelo Simples Nacional | V7: 11311094
A8: =TEXT(B8,"mm/aaaa") -> 01/2026 | B8: 46028 | C8: SP | D8: 251 | E8: 1800000016 | F8: 11366 | G8: 0 | H8: =ROUND(F8*1.5%,2) -> 170.49 | I8: =ROUND(F8*1%,2) -> 113.66 | J8: =ROUND(F8*3%,2) -> 340.98 | K8: =ROUND(F8*0.65%,2) -> 73.88 | L8: =SUM(I8:K8) -> 528.52 | M8: =F8-H8-I8-J8-K8 -> 10666.99 | N8: 1400000016 | O8: 46043 | P8: =TEXT(O8,"mm/aaaa") -> 01/2026 | Q8: TELERISCO | R8: 1008259405 | S8: SENSITIVE TRANSPORTES LTDA ME | T8: 28759933000186 | U8: NÃO optante pelo Simples Nacional | V8: 11311094
A9: =TEXT(B9,"mm/aaaa") -> 01/2026 | B9: 46028 | C9: SP | D9: 252 | E9: 1800000030 | F9: 3233.5 | G9: 0 | H9: =ROUND(F9*1.5%,2) -> 48.5 | I9: =ROUND(F9*1%,2) -> 32.34 | J9: =ROUND(F9*3%,2) -> 97.01 | K9: =ROUND(F9*0.65%,2) -> 21.02 | L9: =SUM(I9:K9) -> 150.37 | M9: =F9-H9-I9-J9-K9 -> 3034.63 | N9: 1400000060 | O9: 46043 | P9: =TEXT(O9,"mm/aaaa") -> 01/2026 | Q9: TELERISCO | R9: 1007834227 | S9: ZANIN TRANSPORTES E LOGISTICA LTDA | T9: 14457026000178 | U9: NÃO optante pelo Simples Nacional | V9: 11311094
A10: =TEXT(B10,"mm/aaaa") -> 01/2026 | B10: 46053 | C10: SP | D10: 253 | E10: 0 | F10: 0 | G10: =F10*5% -> 0 | H10: =ROUND(F10*1.5%,2) -> 0 | I10: =ROUND(F10*1%,2) -> 0 | J10: =ROUND(F10*3%,2) -> 0 | K10: =ROUND(F10*0.65%,2) -> 0 | L10: =SUM(I10:K10) -> 0 | M10: CANCELADA | N10: 0 | O10: 0 | P10: 0 | Q10: TELERISCO | R10: 0 | S10: 0 | T10: 0 | U10: N/A | V10: 11311094
A11: =TEXT(B11,"mm/aaaa") -> 01/2026 | B11: 46053 | C11: SP | D11: 254 | E11: 0 | F11: 0 | G11: =F11*5% -> 0 | H11: =ROUND(F11*1.5%,2) -> 0 | I11: =ROUND(F11*1%,2) -> 0 | J11: =ROUND(F11*3%,2) -> 0 | K11: =ROUND(F11*0.65%,2) -> 0 | L11: =SUM(I11:K11) -> 0 | M11: CANCELADA | N11: 0 | O11: 0 | P11: 0 | Q11: TELERISCO | R11: 0 | S11: 0 | T11: 0 | U11: N/A | V11: 11311094
A12: =TEXT(B12,"mm/aaaa") -> 01/2026 | B12: 46053 | C12: SP | D12: 255 | E12: 0 | F12: 0 | G12: =F12*5% -> 0 | H12: =ROUND(F12*1.5%,2) -> 0 | I12: =ROUND(F12*1%,2) -> 0 | J12: =ROUND(F12*3%,2) -> 0 | K12: =ROUND(F12*0.65%,2) -> 0 | L12: =SUM(I12:K12) -> 0 | M12: CANCELADA | N12: 0 | O12: 0 | P12: 0 | Q12: TELERISCO | R12: 0 | S12: 0 | T12: 0 | U12: N/A | V12: 11311094
A13: =TEXT(B13,"mm/aaaa") -> 01/2026 | B13: 46048 | C13: SP | D13: 256 | E13: 1800000075 | F13: 7990.17 | G13: 0 | H13: =ROUND(F13*1.5%,2) -> 119.85 | I13: =ROUND(F13*1%,2) -> 79.9 | J13: =ROUND(F13*3%,2) -> 239.71 | K13: =ROUND(F13*0.65%,2) -> 51.94 | L13: =SUM(I13:K13) -> 371.55 | M13: =F13-H13-I13-J13-K13 -> 7498.77 | N13: 1400000660 | O13: 46155 | P13: 05/2026 | Q13: 3115 | R13: 1007620183 | S13: GOLDEN SAT | T13: 9446817000162 | U13: NÃO optante pelo Simples Nacional | V13: 11132050
A14: =TEXT(B14,"mm/aaaa") -> 02/2026 | B14: 46061 | C14: SP | D14: 257 | E14: 0 | F14: 0 | H14: =ROUND(F14*1.5%,2) -> 0 | I14: =ROUND(F14*1%,2) -> 0 | J14: =ROUND(F14*3%,2) -> 0 | K14: =ROUND(F14*0.65%,2) -> 0 | L14: =SUM(I14:K14) -> 0 | M14: CANCELADA | N14: 0 | O14: 0 | P14: 0 | Q14: TELERISCO | R14: 0 | S14: 0 | T14: 0 | U14: N/A | V14: 11311094
A15: =TEXT(B15,"mm/aaaa") -> 02/2026 | B15: 46061 | C15: SP | D15: 258 | E15: 1800000090 | F15: 16005.5 | H15: =ROUND(F15*1.5%,2) -> 240.08 | I15: =ROUND(F15*1%,2) -> 160.06 | J15: =ROUND(F15*3%,2) -> 480.17 | K15: =ROUND(F15*0.65%,2) -> 104.04 | L15: =SUM(I15:K15) -> 744.27 | M15: =F15-H15-I15-J15-K15 -> 15021.15 | N15: 1400000105 | O15: 46079 | P15: =TEXT(O15,"mm/aaaa") -> 02/2026 | Q15: TELERISCO | R15: 1001187614 | S15: INTEGRA BRASIL TRANSPORTES LTDA | T15: 9395767000131 | U15: NÃO optante pelo Simples Nacional | V15: 11311094
A16: =TEXT(B16,"mm/aaaa") -> 02/2026 | B16: 46062 | C16: SP | D16: 259 | E16: 1800000151 | F16: 69 | H16: 0 | I16: 0 | J16: 0 | K16: 0 | L16: =SUM(I16:K16) -> 0 | M16: =F16-H16-I16-J16-K16 -> 69 | N16: 1400000150 | O16: 46079 | P16: =TEXT(O16,"mm/aaaa") -> 02/2026 | Q16: TELERISCO | R16: 1018345066 | S16: TRANSPORTADORA ANDARILHO LTDA | T16: 57904437000177 | U16: Optante pelo Simples Nacional desde 30/10/2024 | V16: 11311094
A17: =TEXT(B17,"mm/aaaa") -> 02/2026 | B17: 46062 | C17: SP | D17: 260 | E17: 1800000105 | F17: 3540.5 | H17: =ROUND(F17*1.5%,2) -> 53.11 | I17: =ROUND(F17*1%,2) -> 35.41 | J17: =ROUND(F17*3%,2) -> 106.22 | K17: =ROUND(F17*0.65%,2) -> 23.01 | L17: =SUM(I17:K17) -> 164.64 | M17: =F17-H17-I17-J17-K17 -> 3322.75 | N17: 1400000120 | O17: 46079 | P17: =TEXT(O17,"mm/aaaa") -> 02/2026 | Q17: TELERISCO | R17: 1008259405 | S17: SENSITIVE TRANSPORTES LTDA ME | T17: 28759933000186 | U17: NÃO optante pelo Simples Nacional | V17: 11311094
A18: =TEXT(B18,"mm/aaaa") -> 02/2026 | B18: 46062 | C18: SP | D18: 261 | E18: 1800000120 | F18: 15850 | H18: =ROUND(F18*1.5%,2) -> 237.75 | I18: =ROUND(F18*1%,2) -> 158.5 | J18: =ROUND(F18*3%,2) -> 475.5 | K18: =ROUND(F18*0.65%,2) -> 103.03 | L18: =SUM(I18:K18) -> 737.03 | M18: =F18-H18-I18-J18-K18+0.01 -> 14875.23 | O18: EM ABERTO | Q18: TELERISCO | R18: 1018075263 | S18: TRILOG EXPRESS LTDA | T18: 58578490000198 | U18: NÃO optante pelo Simples Nacional | V18: 11311094
A19: =TEXT(B19,"mm/aaaa") -> 02/2026 | B19: 46062 | C19: SP | D19: 262 | E19: 1800000121 | F19: 2424.5 | H19: =ROUND(F19*1.5%,2) -> 36.37 | I19: =ROUND(F19*1%,2) -> 24.25 | J19: =ROUND(F19*3%,2) -> 72.74 | K19: =ROUND(F19*0.65%,2) -> 15.76 | L19: =SUM(I19:K19) -> 112.75 | M19: =F19-H19-I19-J19-K19 -> 2275.38 | O19: EM ABERTO | Q19: TELERISCO | R19: 1014825740 | S19: PC LOGISTICA LTDA | T19: 44120318000181 | U19: NÃO optante pelo Simples Nacional | V19: 11311094
A20: =TEXT(B20,"mm/aaaa") -> 02/2026 | B20: 46062 | C20: SP | D20: 263 | E20: 1800000135 | F20: 250 | H20: 0 | I20: =ROUND(F20*1%,2) -> 2.5 | J20: =ROUND(F20*3%,2) -> 7.5 | K20: =ROUND(F20*0.65%,2) -> 1.63 | L20: =SUM(I20:K20) -> 11.63 | M20: =F20-H20-I20-J20-K20 -> 238.37 | N20: 1400000135 | O20: 46079 | P20: =TEXT(O20,"mm/aaaa") -> 02/2026 | Q20: TELERISCO | R20: 1002640697 | S20: COOP DE TRANSP AUTONOMOS DE BENS DE SALTO E REGIAO | T20: 5370882000109 | U20: NÃO optante pelo Simples Nacional | V20: 11311094
A21: =TEXT(B21,"mm/aaaa") -> 02/2026 | B21: 46062 | C21: SP | D21: 264 | E21: 1800000122 | F21: 571 | H21: 0 | I21: =ROUND(F21*1%,2) -> 5.71 | J21: =ROUND(F21*3%,2) -> 17.13 | K21: =ROUND(F21*0.65%,2) -> 3.71 | L21: =SUM(I21:K21) -> 26.55 | M21: =F21-H21-I21-J21-K21 -> 544.45 | N21: 1400000165 | O21: 46080 | P21: =TEXT(O21,"mm/aaaa") -> 02/2026 | Q21: TELERISCO | R21: 1017716043 | S21: ANSELMINI RODOVIARIO LTDA | T21: 57951895000167 | U21: NÃO optante pelo Simples Nacional | V21: 11311094
A22: =TEXT(B22,"mm/aaaa") -> 02/2026 | B22: 46062 | C22: SP | D22: 265 | E22: 1800000150 | F22: 1458.5 | H22: =ROUND(F22*1.5%,2) -> 21.88 | I22: =ROUND(F22*1%,2) -> 14.59 | J22: =ROUND(F22*3%,2) -> 43.76 | K22: =ROUND(F22*0.65%,2) -> 9.48 | L22: =SUM(I22:K22) -> 67.83 | M22: =F22-H22-I22-J22-K22 -> 1368.79 | N22: 1400000136 | O22: 46079 | P22: =TEXT(O22,"mm/aaaa") -> 02/2026 | Q22: TELERISCO | R22: 1007834227 | S22: ZANIN TRANSPORTES E LOGISTICA LTDA | T22: 14457026000178 | U22: NÃO optante pelo Simples Nacional | V22: 11311094
A23: =TEXT(B23,"mm/aaaa") -> 02/2026 | B23: 46062 | C23: SP | D23: 266 | E23: 1800000123 | F23: 235.5 | H23: 0 | I23: =ROUND(F23*1%,2) -> 2.36 | J23: =ROUND(F23*3%,2) -> 7.07 | K23: =ROUND(F23*0.65%,2) -> 1.53 | L23: =SUM(I23:K23) -> 10.96 | M23: =F23-H23-I23-J23-K23 -> 224.54 | N23: 1400000166 | O23: 46080 | P23: =TEXT(O23,"mm/aaaa") -> 02/2026 | Q23: TELERISCO | R23: 1018930052 | S23: HE TRANSPORTES LTDA | T23: 45916594000113 | U23: NÃO optante pelo Simples Nacional | V23: 11311094
A24: =TEXT(B24,"mm/aaaa") -> 02/2026 | B24: 46062 | C24: SP | D24: 267 | E24: 1800000152 | F24: 78.5 | H24: 0 | I24: 0 | J24: 0 | K24: 0 | L24: =SUM(I24:K24) -> 0 | M24: =F24-H24-I24-J24-K24 -> 78.5 | N24: 1400000255 | O24: 46112 | P24: =TEXT(O24,"mm/aaaa") -> 03/2026 | Q24: TELERISCO | R24: 1017130541 | S24: TRANSPACKLOG TRANSPORTE DE CARGAS LTDA | T24: 53045500000106 | U24: Optante pelo Simples Nacional desde 01/01/2024 | V24: 11311094
A25: =TEXT(B25,"mm/aaaa") -> 02/2026 | B25: 46062 | C25: SP | D25: 268 | E25: 1800000106 | F25: 69 | H25: 0 | I25: 0 | J25: 0 | K25: 0 | L25: =SUM(I25:K25) -> 0 | M25: =F25-H25-I25-J25-K25 -> 69 | N25: =VLOOKUP(E25,'[2]Controle Sompo Risks'!$H:$I,2,0) -> 1400000750 | O25: 46198 | P25: 06/2026 | Q25: TELERISCO | R25: 1018840151 | S25: EAGLE GROUP TECHNOLOGIES LOGISTICS E TRANSPORTS LTDA | T25: 55365607000167 | U25: Optante pelo Simples Nacional | V25: 11311094
A26: =TEXT(B26,"mm/aaaa") -> 02/2026 | B26: 46079 | C26: SP | D26: 269 | E26: 1800000165 | F26: 3906.58 | H26: =ROUND(F26*1.5%,2) -> 58.6 | I26: =ROUND(F26*1%,2) -> 39.07 | J26: =ROUND(F26*3%,2) -> 117.2 | K26: =ROUND(F26*0.65%,2) -> 25.39 | L26: =SUM(I26:K26) -> 181.66 | M26: =F26-H26-I26-J26-K26 -> 3666.32 | N26: 1400000660 | O26: 46162 | P26: 05/2026 | Q26: 3115 | R26: 1007620183 | S26: GOLDEN SAT | T26: 9446817000162 | U26: NÃO optante pelo Simples Nacional | V26: 11132050
A27: =TEXT(B27,"mm/aaaa") -> 03/2026 | B27: 46086 | C27: SP | D27: 270 | E27: 1800000241 | F27: 138 | H27: 0 | I27: 0 | J27: 0 | K27: 0 | L27: =SUM(I27:K27) -> 0 | M27: =F27-H27-I27-J27-K27 -> 138 | N27: 1400000211 | O27: 46107 | P27: =TEXT(O27,"mm/aaaa") -> 03/2026 | Q27: TELERISCO | R27: 1018645192 | S27: SUNO DISTRIBUIDORA SOLAR LTDA | T27: 32764816000188 | U27: NÃO optante pelo Simples Nacional | V27: 11311094
A28: =TEXT(B28,"mm/aaaa") -> 03/2026 | B28: 46086 | C28: SP | D28: 271 | E28: 1800000270 | F28: 254.5 | H28: 0 | I28: =ROUND(F28*1%,2) -> 2.55 | J28: =ROUND(F28*3%,2) -> 7.64 | K28: =ROUND(F28*0.65%,2) -> 1.65 | L28: =SUM(I28:K28) -> 11.84 | M28: =F28-H28-I28-J28-K28 -> 242.66 | N28: 1400000436 | O28: 46148 | P28: 05/2026 | Q28: TELERISCO | R28: 1016771816 | S28: UNNI SOLUCOES LOGISTICAS LTDA | T28: 41607658000143 | U28: NÃO optante pelo Simples Nacional | V28: 11311094
A29: =TEXT(B29,"mm/aaaa") -> 03/2026 | B29: 46086 | C29: SP | D29: 272 | E29: 1800000257 | F29: 250 | H29: 0 | I29: 0 | J29: 0 | K29: 0 | L29: =SUM(I29:K29) -> 0 | M29: =F29-H29-I29-J29-K29 -> 250 | N29: 1400000181 | O29: 46107 | P29: =TEXT(O29,"mm/aaaa") -> 03/2026 | Q29: TELERISCO | R29: 1017130541 | S29: TRANSPACKLOG TRANSPORTE DE CARGAS LTDA | T29: 53045500000106 | U29: Optante pelo Simples Nacional desde 01/01/2024 | V29: 11311094
A30: =TEXT(B30,"mm/aaaa") -> 03/2026 | B30: 46086 | C30: SP | D30: 273 | E30: 1800000286 | F30: 250 | H30: 0 | I30: 0 | J30: 0 | K30: 0 | L30: =SUM(I30:K30) -> 0 | M30: =F30-H30-I30-J30-K30 -> 250 | N30: 1400000240 | O30: 46107 | P30: =TEXT(O30,"mm/aaaa") -> 03/2026 | Q30: TELERISCO | R30: 1018345066 | S30: TRANSPORTADORA ANDARILHO LTDA | T30: 57904437000177 | U30: Optante pelo Simples Nacional desde 30/10/2024 | V30: 11311094
A31: =TEXT(B31,"mm/aaaa") -> 03/2026 | B31: 46086 | C31: SP | D31: 274 | E31: 1800000271 | F31: 2804.5 | H31: =ROUND(F31*1.5%,2) -> 42.07 | I31: =ROUND(F31*1%,2) -> 28.05 | J31: =ROUND(F31*3%,2) -> 84.14 | K31: =ROUND(F31*0.65%,2) -> 18.23 | L31: =SUM(I31:K31) -> 130.42 | M31: =F31-H31-I31-J31-K31 -> 2632.01 | N31: 1400000285 | O31: 46112 | P31: =TEXT(O31,"mm/aaaa") -> 03/2026 | Q31: TELERISCO | R31: 1017716043 | S31: ANSELMINI RODOVIARIO LTDA | T31: 57951895000167 | U31: NÃO optante pelo Simples Nacional | V31: 11311094
A32: =TEXT(B32,"mm/aaaa") -> 03/2026 | B32: 46086 | C32: SP | D32: 275 | E32: 1800000272 | F32: 3588 | H32: =ROUND(F32*1.5%,2) -> 53.82 | I32: =ROUND(F32*1%,2) -> 35.88 | J32: =ROUND(F32*3%,2) -> 107.64 | K32: =ROUND(F32*0.65%,2) -> 23.32 | L32: =SUM(I32:K32) -> 166.84 | M32: =F32-H32-I32-J32-K32 -> 3367.34 | N32: 1400000330 | O32: 46135 | P32: =TEXT(O32,"mm/aaaa") -> 04/2026 | Q32: TELERISCO | R32: 1018075263 | S32: TRILOG EXPRESS LTDA | T32: 58578490000198 | U32: NÃO optante pelo Simples Nacional | V32: 11311094
A33: =TEXT(B33,"mm/aaaa") -> 03/2026 | B33: 46086 | C33: SP | D33: 276 | E33: 1800000255 | F33: 97.5 | H33: 0 | I33: 0 | J33: 0 | K33: 0 | L33: =SUM(I33:K33) -> 0 | M33: =F33-H33-I33-J33-K33 -> 97.5 | N33: 1400000300 | O33: 46112 | P33: =TEXT(O33,"mm/aaaa") -> 03/2026 | Q33: TELERISCO | R33: 1018120652 | S33: ARK LOGISTICA ASSESSORIA E TREINAMENTOS EM COMEX LTDA | T33: 30341404000100 | U33: NÃO optante pelo Simples Nacional | V33: 11311094
A34: =TEXT(B34,"mm/aaaa") -> 03/2026 | B34: 46086 | C34: SP | D34: 277 | E34: 1800000285 | F34: 2907.5 | H34: =ROUND(F34*1.5%,2) -> 43.61 | I34: =ROUND(F34*1%,2) -> 29.08 | J34: =ROUND(F34*3%,2) -> 87.23 | K34: =ROUND(F34*0.65%,2) -> 18.9 | L34: =SUM(I34:K34) -> 135.21 | M34: =F34-H34-I34-J34-K34 -> 2728.68 | O34: EM ABERTO | Q34: TELERISCO | R34: 1014825740 | S34: PC LOGISTICA LTDA | T34: 44120318000181 | U34: NÃO optante pelo Simples Nacional | V34: 11311094
A35: =TEXT(B35,"mm/aaaa") -> 03/2026 | B35: 46086 | C35: SP | D35: 278 | E35: 1800000300 | F35: 250 | H35: 0 | I35: 0 | J35: 0 | K35: 0 | L35: =SUM(I35:K35) -> 0 | M35: =F35-H35-I35-J35-K35 -> 250 | N35: 1400000213 | O35: 46107 | P35: =TEXT(O35,"mm/aaaa") -> 03/2026 | Q35: TELERISCO | R35: 1005618488 | S35: CENTRAL LOGISTICA DE TRANSPORTE LTDA | T35: 8152302000197 | U35: NÃO optante pelo Simples Nacional | V35: 11311094
A36: =TEXT(B36,"mm/aaaa") -> 03/2026 | B36: 46086 | C36: SP | D36: 279 | E36: 1800000195 | F36: 250 | H36: 0 | I36: =ROUND(F36*1%,2) -> 2.5 | J36: =ROUND(F36*3%,2) -> 7.5 | K36: =ROUND(F36*0.65%,2) -> 1.63 | L36: =SUM(I36:K36) -> 11.63 | M36: =F36-H36-I36-J36-K36 -> 238.37 | N36: 1400000270 | O36: 46112 | P36: =TEXT(O36,"mm/aaaa") -> 03/2026 | Q36: TELERISCO | R36: 1002640697 | S36: COOP DE TRANSP AUTONOMOS DE BENS DE SALTO E REGIAO | T36: 5370882000109 | U36: NÃO optante pelo Simples Nacional | V36: 11311094
A37: =TEXT(B37,"mm/aaaa") -> 03/2026 | B37: 46086 | C37: SP | D37: 280 | E37: 1800000210 | F37: 15298 | H37: =ROUND(F37*1.5%,2) -> 229.47 | I37: =ROUND(F37*1%,2) -> 152.98 | J37: =ROUND(F37*3%,2) -> 458.94 | K37: =ROUND(F37*0.65%,2) -> 99.44 | L37: =SUM(I37:K37) -> 711.36 | M37: =F37-H37-I37-J37-K37 -> 14357.17 | N37: 1400000195 | O37: 46107 | P37: =TEXT(O37,"mm/aaaa") -> 03/2026 | Q37: TELERISCO | R37: 1001187614 | S37: INTEGRA BRASIL TRANSPORTES LTDA | T37: 9395767000131 | U37: NÃO optante pelo Simples Nacional | V37: 11311094
A38: =TEXT(B38,"mm/aaaa") -> 03/2026 | B38: 46086 | C38: SP | D38: 281 | E38: 1800000225 | F38: 345 | H38: 0 | I38: =ROUND(F38*1%,2) -> 3.45 | J38: =ROUND(F38*3%,2) -> 10.35 | K38: =ROUND(F38*0.65%,2) -> 2.24 | L38: =SUM(I38:K38) -> 16.04 | M38: =F38-H38-I38-J38-K38 -> 328.96 | N38: 1400000315 | O38: 46112 | P38: =TEXT(O38,"mm/aaaa") -> 03/2026 | Q38: TELERISCO | R38: 1007834227 | S38: ZANIN TRANSPORTES E LOGISTICA LTDA | T38: 14457026000178 | U38: NÃO optante pelo Simples Nacional | V38: 11311094
A39: =TEXT(B39,"mm/aaaa") -> 03/2026 | B39: 46086 | C39: SP | D39: 282 | E39: 1800000226 | F39: 5651 | H39: =ROUND(F39*1.5%,2) -> 84.77 | I39: =ROUND(F39*1%,2) -> 56.51 | J39: =ROUND(F39*3%,2) -> 169.53 | K39: =ROUND(F39*0.65%,2) -> 36.73 | L39: =SUM(I39:K39) -> 262.77 | M39: =F39-H39-I39-J39-K39 -> 5303.46 | N39: 1400000210 | O39: 46107 | P39: =TEXT(O39,"mm/aaaa") -> 03/2026 | Q39: TELERISCO | R39: 1008259405 | S39: SENSITIVE TRANSPORTES LTDA ME | T39: 28759933000186 | U39: NÃO optante pelo Simples Nacional | V39: 11311094
A40: =TEXT(B40,"mm/aaaa") -> 03/2026 | B40: 46086 | C40: SP | D40: 283 | E40: 1800000240 | F40: 966 | H40: =ROUND(F40*1.5%,2) -> 14.49 | I40: =ROUND(F40*1%,2) -> 9.66 | J40: =ROUND(F40*3%,2) -> 28.98 | K40: =ROUND(F40*0.65%,2) -> 6.28 | L40: =SUM(I40:K40) -> 44.92 | M40: =F40-H40-I40-J40-K40 -> 906.59 | N40: 1400000225 | O40: 46107 | P40: =TEXT(O40,"mm/aaaa") -> 03/2026 | Q40: TELERISCO | R40: 1018585294 | S40: NAIK TRANSPORTE E L LTDA | T40: 29260142000170 | U40: NÃO optante pelo Simples Nacional | V40: 11311094
A41: =TEXT(B41,"mm/aaaa") -> 03/2026 | B41: 46086 | C41: SP | D41: 284 | E41: 1800000256 | F41: 250 | H41: 0 | I41: 0 | J41: 0 | K41: 0 | L41: =SUM(I41:K41) -> 0 | M41: =F41-H41-I41-J41-K41 -> 250 | N41: 1400000180 | O41: 46107 | P41: =TEXT(O41,"mm/aaaa") -> 03/2026 | Q41: TELERISCO | R41: 1018840151 | S41: EAGLE GROUP TECHNOLOGIES LOGISTICS E TRANSPORTS LTDA | T41: 55365607000167 | U41: Optante pelo Simples Nacional desde 03/06/2024 | V41: 11311094
A42: =TEXT(B42,"mm/aaaa") -> 03/2026 | B42: 46086 | C42: SP | D42: 285 | E42: 1800000258 | F42: 250 | H42: 0 | I42: =ROUND(F42*1%,2) -> 2.5 | J42: =ROUND(F42*3%,2) -> 7.5 | K42: =ROUND(F42*0.65%,2) -> 1.63 | L42: =SUM(I42:K42) -> 11.63 | M42: =F42-H42-I42-J42-K42 -> 238.37 | N42: 1400000212 | O42: 46107 | P42: =TEXT(O42,"mm/aaaa") -> 03/2026 | Q42: TELERISCO | R42: 1018930052 | S42: HE TRANSPORTES LTDA | T42: 45916594000113 | U42: NÃO optante pelo Simples Nacional | V42: 11311094
A43: =TEXT(B43,"mm/aaaa") -> 03/2026 | B43: 46108 | C43: SP | D43: 286 | E43: 1800000330 | F43: 4605.8 | G43: 0 | H43: =ROUND(F43*1.5%,2) -> 69.09 | I43: =ROUND(F43*1%,2) -> 46.06 | J43: =ROUND(F43*3%,2) -> 138.17 | K43: =ROUND(F43*0.65%,2) -> 29.94 | L43: =SUM(I43:K43) -> 214.17 | M43: =F43-H43-I43-J43-K43 -> 4322.54 | N43: 1400000660 | O43: 46162 | P43: 05/2026 | Q43: 3115 | R43: 1007620183 | S43: GOLDEN SAT | T43: 9446817000162 | U43: NÃO optante pelo Simples Nacional | V43: 11132050
A44: =TEXT(B44,"mm/aaaa") -> 04/2026 | B44: 46118 | C44: SP | D44: 287 | E44: 1800000360 | F44: 250 | G44: 0 | H44: 0 | I44: 0 | J44: 0 | K44: 0 | L44: =SUM(I44:K44) -> 0 | M44: =F44-H44-I44-J44-K44 -> 250 | N44: 1400000345 | O44: 46135 | P44: =TEXT(O44,"mm/aaaa") -> 04/2026 | Q44: TELERISCO | R44: 1005618488 | S44: CENTRAL LOGISTICA DE TRANSPORTE LTDA | T44: 8152302000197 | U44: NÃO optante pelo Simples Nacional | V44: 11311094
A45: =TEXT(B45,"mm/aaaa") -> 04/2026 | B45: 46118 | C45: SP | D45: 288 | E45: 1800000361 | F45: 15102.5 | G45: 0 | H45: =ROUND(F45*1.5%,2) -> 226.54 | I45: =ROUND(F45*1%,2) -> 151.03 | J45: =ROUND(F45*3%,2) -> 453.08 | K45: =ROUND(F45*0.65%,2) -> 98.17 | L45: =SUM(I45:K45) -> 702.28 | M45: =F45-H45-I45-J45-K45 -> 14173.68 | N45: 1400000360 | O45: 46135 | P45: =TEXT(O45,"mm/aaaa") -> 04/2026 | Q45: TELERISCO | R45: 1001187614 | S45: INTEGRA BRASIL TRANSPORTES LTDA | T45: 9395767000131 | U45: NÃO optante pelo Simples Nacional | V45: 11311094
A46: =TEXT(B46,"mm/aaaa") -> 04/2026 | B46: 46118 | C46: SP | D46: 289 | E46: 1800000422 | F46: 333 | G46: 0 | H46: 0 | I46: =ROUND(F46*1%,2) -> 3.33 | J46: =ROUND(F46*3%,2) -> 9.99 | K46: =ROUND(F46*0.65%,2) -> 2.16 | L46: =SUM(I46:K46) -> 15.48 | M46: =F46-H46-I46-J46-K46 -> 317.52 | N46: =VLOOKUP(E46,'[2]Controle Sompo Risks'!$H:$I,2,0) -> 1400000766 | O46: 46198 | P46: 06/2026 | Q46: TELERISCO | R46: 1013068932 | S46: ALESSANDRO TRANSPORTES | T46: 27562235000123 | U46: NÃO optante pelo Simples Nacional | V46: 11311094
A47: =TEXT(B47,"mm/aaaa") -> 04/2026 | B47: 46118 | C47: SP | D47: 290 | E47: 1800000423 | F47: 250 | G47: 0 | H47: 0 | I47: =ROUND(F47*1%,2) -> 2.5 | J47: =ROUND(F47*3%,2) -> 7.5 | K47: =ROUND(F47*0.65%,2) -> 1.63 | L47: =SUM(I47:K47) -> 11.63 | M47: =F47-H47-I47-J47-K47 -> 238.37 | N47: 1400000405 | O47: 46135 | P47: =TEXT(O47,"mm/aaaa") -> 04/2026 | Q47: TELERISCO | R47: 1015739477 | S47: SEVAL TRANSPORTES | T47: 39857410000199 | U47: NÃO optante pelo Simples Nacional | V47: 11311094
A48: =TEXT(B48,"mm/aaaa") -> 04/2026 | B48: 46118 | C48: SP | D48: 291 | E48: 1800000362 | F48: 8232.5 | G48: 0 | H48: =ROUND(F48*1.5%,2) -> 123.49 | I48: =ROUND(F48*1%,2) -> 82.33 | J48: =ROUND(F48*3%,2) -> 246.98 | K48: =ROUND(F48*0.65%,2) -> 53.51 | L48: =SUM(I48:K48) -> 382.82 | M48: =F48-H48-I48-J48-K48 -> 7726.19 | N48: 1400000346 | O48: 46135 | P48: =TEXT(O48,"mm/aaaa") -> 04/2026 | Q48: TELERISCO | R48: 1008259405 | S48: SENSITIVE TRANSPORTES LTDA ME | T48: 28759933000186 | U48: NÃO optante pelo Simples Nacional | V48: 11311094
A49: =TEXT(B49,"mm/aaaa") -> 04/2026 | B49: 46118 | C49: SP | D49: 292 | E49: 1800000375 | F49: 2022 | G49: 0 | H49: =ROUND(F49*1.5%,2) -> 30.33 | I49: =ROUND(F49*1%,2) -> 20.22 | J49: =ROUND(F49*3%,2) -> 60.66 | K49: =ROUND(F49*0.65%,2) -> 13.14 | L49: =SUM(I49:K49) -> 94.02 | M49: =F49-H49-I49-J49-K49 -> 1897.65 | N49: 1400000375 | O49: 46135 | P49: =TEXT(O49,"mm/aaaa") -> 04/2026 | Q49: TELERISCO | R49: 1018585294 | S49: NAIK TRANSPORTE E L LTDA | T49: 29260142000170 | U49: NÃO optante pelo Simples Nacional | V49: 11311094
A50: =TEXT(B50,"mm/aaaa") -> 04/2026 | B50: 46118 | C50: SP | D50: 293 | E50: 1800000136 | F50: 6621.5 | G50: 0 | H50: =ROUND(F50*1.5%,2) -> 99.32 | I50: =ROUND(F50*1%,2) -> 66.22 | J50: =ROUND(F50*3%,2) -> 198.65 | K50: =ROUND(F50*0.65%,2) -> 43.04 | L50: =SUM(I50:K50) -> 307.91 | M50: =F50-H50-I50-J50-K50 -> 6214.27 | N50: 1400000376 | O50: 46135 | P50: =TEXT(O50,"mm/aaaa") -> 04/2026 | Q50: TELERISCO | R50: 1018120652 | S50: ARK LOGISTICA ASSESSORIA E TREINAMENTOS EM COMEX LTDA | T50: 30341404000100 | U50: NÃO optante pelo Simples Nacional | V50: 11311094
A51: =TEXT(B51,"mm/aaaa") -> 04/2026 | B51: 46118 | C51: SP | D51: 294 | E51: 1800000138 | F51: 78.5 | G51: 0 | H51: 0 | I51: 0 | J51: 0 | K51: 0 | L51: =SUM(I51:K51) -> 0 | M51: =F51-H51-I51-J51-K51 -> 78.5 | N51: 1400000450 | O51: 46142 | P51: 04/2026 | Q51: TELERISCO | R51: 1005047386 | S51: PANTERA ALIMENTOS LTDA | T51: 47425731000142 | U51: NÃO optante pelo Simples Nacional | V51: 11311094
A52: =TEXT(B52,"mm/aaaa") -> 04/2026 | B52: 46118 | C52: SP | D52: 295 | E52: 1800000153 | F52: 250 | G52: 0 | H52: 0 | I52: =ROUND(F52*1%,2) -> 2.5 | J52: =ROUND(F52*3%,2) -> 7.5 | K52: =ROUND(F52*0.65%,2) -> 1.63 | L52: =SUM(I52:K52) -> 11.63 | M52: =F52-H52-I52-J52-K52 -> 238.37 | N52: 1400000331 | O52: 46135 | P52: =TEXT(O52,"mm/aaaa") -> 04/2026 | Q52: TELERISCO | R52: 1002640697 | S52: COOP DE TRANSP AUTONOMOS DE BENS DE SALTO E REGIAO | T52: 5370882000109 | U52: NÃO optante pelo Simples Nacional | V52: 11311094
A53: =TEXT(B53,"mm/aaaa") -> 04/2026 | B53: 46118 | C53: SP | D53: 296 | E53: 1800000390 | F53: 4346 | G53: 0 | H53: =ROUND(F53*1.5%,2) -> 65.19 | I53: =ROUND(F53*1%,2) -> 43.46 | J53: =ROUND(F53*3%,2) -> 130.38 | K53: =ROUND(F53*0.65%,2) -> 28.25 | L53: =SUM(I53:K53) -> 202.09 | M53: =F53-H53-I53-J53-K53 -> 4078.72 | N53: 1400000332 | O53: 46135 | P53: =TEXT(O53,"mm/aaaa") -> 04/2026 | Q53: TELERISCO | R53: 1017716043 | S53: ANSELMINI RODOVIARIO LTDA | T53: 57951895000167 | U53: NÃO optante pelo Simples Nacional | V53: 11311094
A54: =TEXT(B54,"mm/aaaa") -> 04/2026 | B54: 46118 | C54: SP | D54: 297 | E54: 1800000466 | F54: 2127 | G54: 0 | H54: =ROUND(F54*1.5%,2) -> 31.91 | I54: =ROUND(F54*1%,2) -> 21.27 | J54: =ROUND(F54*3%,2) -> 63.81 | K54: =ROUND(F54*0.65%,2) -> 13.83 | L54: =SUM(I54:K54) -> 98.91 | M54: =F54-H54-I54-J54-K54 -> 1996.18 | N54: 1400000615 | O54: 46170 | P54: 05/2026 | Q54: TELERISCO | R54: 1013447909 | S54: PRIMESERV LOGISTICA E SERVICOS LTDA | T54: 5514753000139 | U54: NÃO optante pelo Simples Nacional | V54: 11311094
A55: =TEXT(B55,"mm/aaaa") -> 04/2026 | B55: 46118 | C55: SP | D55: 298 | E55: 1800000376 | F55: 3312 | G55: 0 | H55: =ROUND(F55*1.5%,2) -> 49.68 | I55: =ROUND(F55*1%,2) -> 33.12 | J55: =ROUND(F55*3%,2) -> 99.36 | K55: =ROUND(F55*0.65%,2) -> 21.53 | L55: =SUM(I55:K55) -> 154.01 | M55: =F55-H55-I55-J55-K55 -> 3108.31 | N55: 1400000435 | O55: 46142 | P55: 04/2026 | Q55: TELERISCO | R55: 1018075263 | S55: TRILOG EXPRESS LTDA | T55: 58578490000198 | U55: NÃO optante pelo Simples Nacional | V55: 11311094
A56: =TEXT(B56,"mm/aaaa") -> 04/2026 | B56: 46118 | C56: SP | D56: 299 | E56: 1800000405 | F56: 2020 | G56: 0 | H56: =ROUND(F56*1.5%,2) -> 30.3 | I56: =ROUND(F56*1%,2) -> 20.2 | J56: =ROUND(F56*3%,2) -> 60.6 | K56: =ROUND(F56*0.65%,2) -> 13.13 | L56: =SUM(I56:K56) -> 93.93 | M56: =F56-H56-I56-J56-K56 -> 1895.77 | O56: EM ABERTO | Q56: TELERISCO | R56: 1014825740 | S56: PC LOGISTICA LTDA | T56: 44120318000181 | U56: NÃO optante pelo Simples Nacional | V56: 11311094
A57: =TEXT(B57,"mm/aaaa") -> 04/2026 | B57: 46118 | C57: SP | D57: 300 | E57: 1800000420 | F57: 250 | G57: 0 | H57: 0 | I57: =ROUND(F57*1%,2) -> 2.5 | J57: =ROUND(F57*3%,2) -> 7.5 | K57: =ROUND(F57*0.65%,2) -> 1.63 | L57: =SUM(I57:K57) -> 11.63 | M57: =F57-H57-I57-J57-K57 -> 238.37 | N57: 1400000333 | O57: 46135 | P57: =TEXT(O57,"mm/aaaa") -> 04/2026 | Q57: TELERISCO | R57: 1007834227 | S57: ZANIN TRANSPORTES E LOGISTICA LTDA | T57: 14457026000178 | U57: NÃO optante pelo Simples Nacional | V57: 11311094
A58: =TEXT(B58,"mm/aaaa") -> 04/2026 | B58: 46118 | C58: SP | D58: 301 | E58: 1800000435 | F58: 250 | G58: 0 | H58: 0 | I58: 0 | J58: 0 | K58: 0 | L58: =SUM(I58:K58) -> 0 | M58: =F58-H58-I58-J58-K58 -> 250 | N58: 1400000465 | O58: 46156 | P58: 05/2026 | Q58: TELERISCO | R58: 1018840151 | S58: EAGLE GROUP TECHNOLOGIES LOGISTICS E TRANSPORTS LTDA | T58: 55365607000167 | U58: Optante pelo Simples Nacional desde 03/06/2024 | V58: 11311094
A59: =TEXT(B59,"mm/aaaa") -> 04/2026 | B59: 46118 | C59: SP | D59: 302 | E59: 1800000421 | F59: 250 | G59: 0 | H59: 0 | I59: 0 | J59: 0 | K59: 0 | L59: =SUM(I59:K59) -> 0 | M59: =F59-H59-I59-J59-K59 -> 250 | O59: EM ABERTO | Q59: TELERISCO | R59: 1018345066 | S59: TRANSPORTADORA ANDARILHO LTDA | T59: 57904437000177 | U59: Optante pelo Simples Nacional desde 30/10/2024 | V59: 11311094
A60: =TEXT(B60,"mm/aaaa") -> 04/2026 | B60: 46118 | C60: SP | D60: 303 | E60: 1800000450 | F60: 250 | G60: 0 | H60: 0 | I60: 0 | J60: 0 | K60: 0 | L60: =SUM(I60:K60) -> 0 | M60: =F60-H60-I60-J60-K60 -> 250 | N60: 1400000390 | O60: 46135 | P60: =TEXT(O60,"mm/aaaa") -> 04/2026 | Q60: TELERISCO | R60: 1017130541 | S60: TRANSPACKLOG TRANSPORTE DE CARGAS LTDA | T60: 53045500000106 | U60: Optante pelo Simples Nacional desde 01/01/2024 | V60: 11311094
A61: =TEXT(B61,"mm/aaaa") -> 04/2026 | B61: 46118 | C61: SP | D61: 304 | E61: 1800000451 | F61: 250 | G61: 0 | H61: 0 | I61: 0 | J61: 0 | K61: 0 | L61: =SUM(I61:K61) -> 0 | M61: =F61-H61-I61-J61-K61 -> 250 | N61: 1400000391 | O61: 46135 | P61: =TEXT(O61,"mm/aaaa") -> 04/2026 | Q61: TELERISCO | R61: 1016771816 | S61: UNNI SOLUCOES LOGISTICAS LTDA | T61: 41607658000143 | U61: NÃO optante pelo Simples Nacional | V61: 11311094
A62: =TEXT(B62,"mm/aaaa") -> 04/2026 | B62: 46118 | C62: SP | D62: 305 | E62: 1800000436 | F62: 250 | G62: 0 | H62: 0 | I62: =ROUND(F62*1%,2) -> 2.5 | J62: =ROUND(F62*3%,2) -> 7.5 | K62: =ROUND(F62*0.65%,2) -> 1.63 | L62: =SUM(I62:K62) -> 11.63 | M62: =F62-H62-I62-J62-K62 -> 238.37 | N62: 1400000361 | O62: 46142 | P62: 04/2026 | Q62: TELERISCO | R62: 1016506511 | S62: CENTRAL LOGISTICA TRANSPORTES LTDA ME | T62: 38345653000185 | U62: NÃO optante pelo Simples Nacional | V62: 11311094
A63: =TEXT(B63,"mm/aaaa") -> 04/2026 | B63: 46118 | C63: SP | D63: 306 | E63: 1800000437 | F63: 250 | G63: 0 | H63: 0 | I63: =ROUND(F63*1%,2) -> 2.5 | J63: =ROUND(F63*3%,2) -> 7.5 | K63: =ROUND(F63*0.65%,2) -> 1.63 | L63: =SUM(I63:K63) -> 11.63 | M63: =F63-H63-I63-J63-K63 -> 238.37 | N63: 1400000392 | O63: 46135 | P63: =TEXT(O63,"mm/aaaa") -> 04/2026 | Q63: TELERISCO | R63: 1018645192 | S63: SUNO DISTRIBUIDORA SOLAR LTDA | T63: 32764816000188 | U63: NÃO optante pelo Simples Nacional | V63: 11311094
A64: =TEXT(B64,"mm/aaaa") -> 04/2026 | B64: 46118 | C64: SP | D64: 307 | E64: 1800000465 | F64: 1881.5 | G64: 0 | H64: =ROUND(F64*1.5%,2) -> 28.22 | I64: =ROUND(F64*1%,2) -> 18.82 | J64: =ROUND(F64*3%,2) -> 56.45 | K64: =ROUND(F64*0.65%,2) -> 12.23 | L64: =SUM(I64:K64) -> 87.5 | M64: =F64-H64-I64-J64-K64 -> 1765.78 | N64: 1400000393 | O64: 46135 | P64: =TEXT(O64,"mm/aaaa") -> 04/2026 | Q64: TELERISCO | R64: 1019125108 | S64: ADM COMERCIO TRANSPORTES E RECICLAGEM DE METAIS LTDA | T64: 8799020000186 | U64: NÃO optante pelo Simples Nacional | V64: 11311094
A65: =TEXT(B65,"mm/aaaa") -> 04/2026 | B65: 46118 | C65: SP | D65: 308 | E65: 1800000154 | F65: 5658 | G65: 0 | H65: =ROUND(F65*1.5%,2) -> 84.87 | I65: =ROUND(F65*1%,2) -> 56.58 | J65: =ROUND(F65*3%,2) -> 169.74 | K65: =ROUND(F65*0.65%,2) -> 36.78 | L65: =SUM(I65:K65) -> 263.1 | M65: =F65-H65-I65-J65-K65 -> 5310.03 | N65: 1400000765 | O65: 46198 | P65: 06/2026 | Q65: TELERISCO | R65: 1016704774 | S65: TRANSPORTADORA JJA LTDA | T65: 29543880000124 | U65: NÃO optante pelo Simples Nacional | V65: 11311094
A66: =TEXT(B66,"mm/aaaa") -> 04/2026 | B66: 46118 | C66: SP | D66: 309 | E66: 1800000137 | F66: 975 | G66: 0 | H66: =ROUND(F66*1.5%,2) -> 14.63 | I66: =ROUND(F66*1%,2) -> 9.75 | J66: =ROUND(F66*3%,2) -> 29.25 | K66: =ROUND(F66*0.65%,2) -> 6.34 | L66: =SUM(I66:K66) -> 45.34 | M66: =F66-H66-I66-J66-K66 -> 915.03 | N66: 1400000196 | O66: 46198 | P66: 06/2026 | Q66: TELERISCO | R66: 1019200174 | S66: A C PORTELA LTDA | T66: 32817557000106 | U66: NÃO optante pelo Simples Nacional | V66: 11311094
A67: =TEXT(B67,"mm/aaaa") -> 04/2026 | B67: 46134 | C67: SP | D67: 310 | E67: 1800000480 | F67: 2559.73 | G67: 0 | H67: =ROUND(F67*1.5%,2) -> 38.4 | I67: =ROUND(F67*1%,2) -> 25.6 | J67: =ROUND(F67*3%,2) -> 76.79 | K67: =ROUND(F67*0.65%,2) -> 16.64 | L67: =SUM(I67:K67) -> 119.03 | M67: =F67-H67-I67-J67-K67 -> 2402.3 | N67: 1400000675 | O67: 46197 | P67: 06/2026 | Q67: 3115 | R67: 1007620183 | S67: GOLDEN SAT | T67: 9446817000162 | U67: NÃO optante pelo Simples Nacional | V67: 11132050
A68: 05/2026 | B68: 46148 | C68: SP | D68: 311 | E68: 1800000540 | F68: 250 | G68: 0 | H68: 0 | I68: =ROUND(F68*1%,2) -> 2.5 | J68: =ROUND(F68*3%,2) -> 7.5 | K68: =ROUND(F68*0.65%,2) -> 1.63 | L68: =SUM(I68:K68) -> 11.63 | M68: =F68-H68-I68-J68-K68 -> 238.37 | N68: 1400000630 | O68: 46170 | P68: 05/2026 | Q68: TELERISCO | R68: 1013447909 | S68: PRIMESERV | T68: 5514753000139 | U68: NAO OPTANTE | V68: 11311094
A69: 05/2026 | B69: 46148 | C69: SP | D69: 312 | E69: 1800000555 | F69: 2152.5 | G69: 0 | H69: =ROUND(F69*1.5%,2) -> 32.29 | I69: =ROUND(F69*1%,2) -> 21.53 | J69: =ROUND(F69*3%,2) -> 64.58 | K69: =ROUND(F69*0.65%,2) -> 13.99 | L69: =SUM(I69:K69) -> 100.1 | M69: =F69-H69-I69-J69-K69 -> 2020.11 | N69: 1400000480 | O69: 46163 | P69: 05/2026 | Q69: TELERISCO | R69: 1019125108 | S69: ADM COMERCIO TR | T69: 8799020000186 | U69: NAO OPTANTE | V69: 11311094
A70: 05/2026 | B70: 46148 | C70: SP | D70: 313 | E70: 1800000570 | F70: 12803.5 | G70: 0 | H70: =ROUND(F70*1.5%,2) -> 192.05 | I70: =ROUND(F70*1%,2) -> 128.04 | J70: =ROUND(F70*3%,2) -> 384.11 | K70: =ROUND(F70*0.65%,2) -> 83.22 | L70: =SUM(I70:K70) -> 595.37 | M70: =F70-H70-I70-J70-K70 -> 12016.08 | N70: 1400000481 | O70: 46163 | P70: 05/2026 | Q70: TELERISCO | R70: 1001187614 | S70: INTEGRA BRASIL | T70: 9395767000131 | U70: NÃO OPTANTE | V70: 11311094
A71: 05/2026 | B71: 46148 | C71: SP | D71: 314 | E71: 1800000585 | F71: 2474.5 | G71: 0 | H71: =ROUND(F71*1.5%,2) -> 37.12 | I71: =ROUND(F71*1%,2) -> 24.75 | J71: =ROUND(F71*3%,2) -> 74.24 | K71: =ROUND(F71*0.65%,2) -> 16.08 | L71: =SUM(I71:K71) -> 115.07 | M71: =F71-H71-I71-J71-K71 -> 2322.31 | N71: 1400000690 | O71: 46198 | P71: 06/2026 | Q71: TELERISCO | R71: 1013068932 | S71: ALESSANDRO TRAN | T71: 27562235000123 | U71: NÃO optante pelo Simples Nacional | V71: 11311094
A72: 05/2026 | B72: 46148 | C72: SP | D72: 315 | E72: 1800000586 | F72: 7147.5 | G72: 0 | H72: =ROUND(F72*1.5%,2) -> 107.21 | I72: =ROUND(F72*1%,2) -> 71.48 | J72: =ROUND(F72*3%,2) -> 214.43 | K72: =ROUND(F72*0.65%,2) -> 46.46 | L72: =SUM(I72:K72) -> 332.37 | M72: =F72-H72-I72-J72-K72 -> 6707.92 | N72: 1400000495 | O72: 46163 | P72: 05/2026 | Q72: TELERISCO | R72: 1008259405 | S72: SENSITIVE TRANS | T72: 28759933000186 | U72: NAO OPTANTE | V72: 11311094
A73: 05/2026 | B73: 46148 | C73: SP | D73: 316 | E73: 1800000541 | F73: 1087 | G73: 0 | H73: =ROUND(F73*1.5%,2) -> 16.31 | I73: =ROUND(F73*1%,2) -> 10.87 | J73: =ROUND(F73*3%,2) -> 32.61 | K73: =ROUND(F73*0.65%,2) -> 7.07 | L73: =SUM(I73:K73) -> 50.55 | M73: =F73-H73-I73-J73-K73 -> 1020.14 | N73: 1400000482 | O73: 46163 | P73: 05/2026 | Q73: TELERISCO | R73: 1018585294 | S73: NAIK TRANSPORTE | T73: 29260142000170 | U73: NAO OPTANTE | V73: 11311094
A74: 05/2026 | B74: 46148 | C74: SP | D74: 317 | E74: 1800000196 | F74: 8339.5 | G74: 0 | H74: =ROUND(F74*1.5%,2) -> 125.09 | I74: =ROUND(F74*1%,2) -> 83.4 | J74: =ROUND(F74*3%,2) -> 250.19 | K74: =ROUND(F74*0.65%,2) -> 54.21 | L74: =SUM(I74:K74) -> 387.8 | M74: =F74-H74-I74-J74-K74 -> 7826.61 | N74: 1400000483 | O74: 46163 | P74: 05/2026 | Q74: TELERISCO | R74: 1016704774 | S74: JJA | T74: 29543880000124 | U74: NAO OPTANTE | V74: 11311094
A75: 05/2026 | B75: 46148 | C75: SP | D75: 318 | E75: 1800000587 | F75: 3814 | G75: 0 | H75: =ROUND(F75*1.5%,2) -> 57.21 | I75: =ROUND(F75*1%,2) -> 38.14 | J75: =ROUND(F75*3%,2) -> 114.42 | K75: =ROUND(F75*0.65%,2) -> 24.79 | L75: =SUM(I75:K75) -> 177.35 | M75: =F75-H75-I75-J75-K75 -> 3579.44 | N75: 1400000510 | O75: 46163 | P75: 05/2026 | Q75: TELERISCO | R75: 1018930138 | S75: JMV TRANSPORTES | T75: 30034695000193 | U75: NAO OPTANTE | V75: 11311094
A76: 05/2026 | B76: 46148 | C76: SP | D76: 319 | E76: 1800000197 | F76: 3385.5 | G76: 0 | H76: =ROUND(F76*1.5%,2) -> 50.78 | I76: =ROUND(F76*1%,2) -> 33.86 | J76: =ROUND(F76*3%,2) -> 101.57 | K76: =ROUND(F76*0.65%,2) -> 22.01 | L76: =SUM(I76:K76) -> 157.44 | M76: =F76-H76-I76-J76-K76 -> 3177.28 | N76: 1400000555 | O76: 46169 | P76: 05/2026 | Q76: TELERISCO | R76: 1018120652 | S76: ARK LOGISTICA | T76: 30341404000100 | U76: NAO OPTANTE | V76: 11311094
A77: 05/2026 | B77: 46148 | C77: SP | D77: 320 | E77: 1800000556 | F77: 3595 | G77: 0 | H77: =ROUND(F77*1.5%,2) -> 53.93 | I77: =ROUND(F77*1%,2) -> 35.95 | J77: =ROUND(F77*3%,2) -> 107.85 | K77: =ROUND(F77*0.65%,2) -> 23.37 | L77: =SUM(I77:K77) -> 167.17 | M77: =F77-H77-I77-J77-K77 -> 3373.9 | N77: 1400000511 | O77: 46163 | P77: 05/2026 | Q77: TELERISCO | R77: 1019215124 | S77: ARAGUAIA TRANSP | T77: 31554105000116 | U77: NAO OPTANTE | V77: 11311094
A78: 05/2026 | B78: 46148 | C78: SP | D78: 321 | E78: 1800000600 | F78: 250 | G78: 0 | H78: 0 | I78: =ROUND(F78*1%,2) -> 2.5 | J78: =ROUND(F78*3%,2) -> 7.5 | K78: =ROUND(F78*0.65%,2) -> 1.63 | L78: =SUM(I78:K78) -> 11.63 | M78: =F78-H78-I78-J78-K78 -> 238.37 | N78: 1400000525 | O78: 46163 | P78: 05/2026 | Q78: TELERISCO | R78: 1018645192 | S78: SUNO FOTOVOLTAI | T78: 32764816000188 | U78: NAO OPTANTE | V78: 11311094
A79: 05/2026 | B79: 46148 | C79: SP | D79: 322 | E79: 1800000615 | F79: 250 | G79: 0 | H79: 0 | I79: =ROUND(F79*1%,2) -> 2.5 | J79: =ROUND(F79*3%,2) -> 7.5 | K79: =ROUND(F79*0.65%,2) -> 1.63 | L79: =SUM(I79:K79) -> 11.63 | M79: =F79-H79-I79-J79-K79 -> 238.37 | N79: 1400000645 | O79: 46174 | P79: 06/2026 | Q79: TELERISCO | R79: 1016771816 | S79: UNNI | T79: 41607658000143 | U79: NÃO optante pelo Simples Nacional | V79: 11311094
A80: 05/2026 | B80: 46148 | C80: SP | D80: 323 | E80: 1800000601 | F80: 69 | G80: 0 | H80: 0 | I80: 0 | J80: 0 | K80: 0 | L80: =SUM(I80:K80) -> 0 | M80: =F80-H80-I80-J80-K80 -> 69 | N80: 1400000691 | O80: 46198 | P80: 06/2026 | Q80: TELERISCO | R80: 1019230094 | S80: ARTUR PEREIRA | T80: 46923661000190 | U80: Optante pelo Simples Nacional | V80: 11311094
A81: 05/2026 | B81: 46148 | C81: SP | D81: 324 | E81: 1800000616 | F81: 250 | G81: 0 | H81: 0 | I81: =ROUND(F81*1%,2) -> 2.5 | J81: =ROUND(F81*3%,2) -> 7.5 | K81: =ROUND(F81*0.65%,2) -> 1.63 | L81: =SUM(I81:K81) -> 11.63 | M81: =F81-H81-I81-J81-K81 -> 238.37 | N81: 1400000540 | O81: 46163 | P81: 05/2026 | Q81: TELERISCO | R81: 1002640697 | S81: COOTABS | T81: 5370882000109 | U81: NÃO OPTANTE | V81: 11311094
A82: 05/2026 | B82: 46148 | C82: SP | D82: 325 | E82: 1800000617 | F82: 2117.5 | G82: 0 | H82: =ROUND(F82*1.5%,2) -> 31.76 | I82: =ROUND(F82*1%,2) -> 21.18 | J82: =ROUND(F82*3%,2) -> 63.53 | K82: =ROUND(F82*0.65%,2) -> 13.76 | L82: =SUM(I82:K82) -> 98.47 | M82: =F82-H82-I82-J82-K82 -> 1987.27 | N82: 1400000182 | O82: 21/05/2026 | P82: 05/2026 | Q82: TELERISCO | R82: 1005047386 | S82: PANTERA ALIMENT | T82: 47425731000142 | U82: NAO OPTANTE | V82: 11311094
A83: 05/2026 | B83: 46148 | C83: SP | D83: 326 | E83: 1800000198 | F83: 3266.5 | G83: 0 | H83: =ROUND(F83*1.5%,2) -> 49 | I83: =ROUND(F83*1%,2) -> 32.67 | J83: =ROUND(F83*3%,2) -> 98 | K83: =ROUND(F83*0.65%,2) -> 21.23 | L83: =SUM(I83:K83) -> 151.9 | M83: =F83-H83-I83-J83-K83 -> 3065.6 | N83: 1400000570 | O83: 46169 | P83: 05/2026 | Q83: TELERISCO | R83: 1018075263 | S83: TRILOG EXPRESS | T83: 58578490000198 | U83: NÃO OPTANTE | V83: 11311094
A84: 05/2026 | B84: 46148 | C84: SP | D84: 327 | E84: 1800000199 | F84: 250 | G84: 0 | H84: 0 | I84: 0 | J84: 0 | K84: 0 | L84: =SUM(I84:K84) -> 0 | M84: =F84-H84-I84-J84-K84 -> 250 | N84: 1400000585 | O84: 46169 | P84: 05/2026 | Q84: TELERISCO | R84: 1018345066 | S84: TRANSPORTADORA | T84: 57904437000177 | U84: OPTANTE | V84: 11311094
A85: 05/2026 | B85: 46148 | C85: SP | D85: 328 | E85: 1800000571 | F85: 2689.5 | G85: 0 | H85: =ROUND(F85*1.5%,2) -> 40.34 | I85: =ROUND(F85*1%,2) -> 26.9 | J85: =ROUND(F85*3%,2) -> 80.69 | K85: =ROUND(F85*0.65%,2) -> 17.48 | L85: =SUM(I85:K85) -> 125.07 | M85: =F85-H85-I85-J85-K85 -> 2524.09 | N85: 1400000183 | O85: 46163 | P85: 05/2026 | Q85: TELERISCO | R85: 1017716043 | S85: ANSELMINI | T85: 57951895000167 | U85: NAO OPTANTE | V85: 11311094
A86: 05/2026 | B86: 46148 | C86: SP | D86: 329 | E86: 1800000542 | F86: 2469.5 | G86: 0 | H86: =ROUND(F86*1.5%,2) -> 37.04 | I86: =ROUND(F86*1%,2) -> 24.7 | J86: =ROUND(F86*3%,2) -> 74.09 | K86: =ROUND(F86*0.65%,2) -> 16.05 | L86: =SUM(I86:K86) -> 114.84 | M86: =F86-H86-I86-J86-K86 -> 2317.62 | O86: EM ABERTO | Q86: TELERISCO | R86: 1014825740 | S86: PC LOGISTICA | T86: 44120318000181 | U86: NÃO OPTANTE | V86: 11311094
A87: 05/2026 | B87: 46148 | C87: SP | D87: 330 | E87: 1800000618 | F87: 1032.5 | G87: 0 | H87: =ROUND(F87*1.5%,2) -> 15.49 | I87: =ROUND(F87*1%,2) -> 10.33 | J87: =ROUND(F87*3%,2) -> 30.98 | K87: =ROUND(F87*0.65%,2) -> 6.71 | L87: =SUM(I87:K87) -> 48.02 | M87: =F87-H87-I87-J87-K87 -> 968.99 | N87: 1400000184 | O87: 46163 | P87: 05/2026 | Q87: TELERISCO | R87: 1015739477 | S87: SEVAL LOG | T87: 39857410000199 | U87: NAO OPTANTE | V87: 11311094
A88: 05/2026 | B88: 46148 | C88: SP | D88: 331 | E88: 1800000543 | F88: 250 | G88: 0 | H88: 0 | I88: =ROUND(F88*1%,2) -> 2.5 | J88: =ROUND(F88*3%,2) -> 7.5 | K88: =ROUND(F88*0.65%,2) -> 1.63 | L88: =SUM(I88:K88) -> 11.63 | M88: =F88-H88-I88-J88-K88 -> 238.37 | O88: EM ABERTO | Q88: TELERISCO | R88: 1008761672 | S88: TRANSPORTES BOM | T88: 18408486000167 | U88: NAO OPTANTE | V88: 11311094
A89: 05/2026 | B89: 46148 | C89: SP | D89: 332 | E89: 1800000620 | F89: 1025.5 | G89: 0 | H89: =ROUND(F89*1.5%,2) -> 15.38 | I89: =ROUND(F89*1%,2) -> 10.26 | J89: =ROUND(F89*3%,2) -> 30.77 | K89: =ROUND(F89*0.65%,2) -> 6.67 | L89: =SUM(I89:K89) -> 47.7 | M89: =F89-H89-I89-J89-K89 -> 962.42 | N89: 1400000185 | O89: 46163 | P89: 05/2026 | Q89: TELERISCO | R89: 1007834227 | S89: ZANIN TRANSPORT | T89: 14457026000178 | U89: NAO OPTANTE | V89: 11311094
A90: 05/2026 | B90: 46148 | C90: SP | D90: 333 | E90: 1800000621 | F90: 421 | G90: 0 | H90: 0 | I90: 0 | J90: 0 | K90: 0 | L90: =SUM(I90:K90) -> 0 | M90: =F90-H90-I90-J90-K90 -> 421 | N90: 1400000496 | O90: 46163 | P90: 05/2026 | Q90: TELERISCO | R90: 1017130541 | S90: TRANSPACKLOG | T90: 53045500000106 | U90: OPTANTE | V90: 11311094
A91: 05/2026 | B91: 46148 | C91: SP | D91: 334 | E91: 1800000544 | F91: 699.5 | G91: 0 | H91: =ROUND(F91*1.5%,2) -> 10.49 | I91: =ROUND(F91*1%,2) -> 7 | J91: =ROUND(F91*3%,2) -> 20.99 | K91: =ROUND(F91*0.65%,2) -> 4.55 | L91: =SUM(I91:K91) -> 32.54 | M91: =F91-H91-I91-J91-K91 -> 656.47 | N91: 1400000301 | O91: 46163 | P91: 05/2026 | Q91: TELERISCO | R91: 1016411263 | S91: PROLOG TRANSP E | T91: 13214075000117 | U91: NAO OPTANTE | V91: 11311094
A92: 05/2026 | B92: 46148 | C92: SP | D92: 335 | E92: 1800000545 | F92: 897 | G92: 0 | H92: =ROUND(F92*1.5%,2) -> 13.46 | I92: =ROUND(F92*1%,2) -> 8.97 | J92: =ROUND(F92*3%,2) -> 26.91 | K92: =ROUND(F92*0.65%,2) -> 5.83 | L92: =SUM(I92:K92) -> 41.71 | M92: =F92-H92-I92-J92-K92 -> 841.83 | N92: 1400000226 | O92: 46163 | P92: 05/2026 | Q92: TELERISCO | R92: 1019275110 | S92: GRAO DE OURO CE | T92: 53170725000194 | U92: NAO OPTANTE | V92: 11311094
A93: 05/2026 | B93: 46148 | C93: SP | D93: 336 | E93: 1800000546 | F93: 250 | G93: 0 | H93: 0 | I93: 0 | J93: 0 | K93: 0 | L93: =SUM(I93:K93) -> 0 | M93: =F93-H93-I93-J93-K93 -> 250 | O93: EM ABERTO | Q93: TELERISCO | R93: 1019080116 | S93: M NETO TRANSPOR | T93: 40969554000116 | U93: OPTANTE | V93: 11311094
A94: 05/2026 | B94: 46148 | C94: SP | D94: 337 | E94: 1800000547 | F94: 511.5 | G94: 0 | H94: 0 | I94: 0 | J94: 0 | K94: 0 | L94: =SUM(I94:K94) -> 0 | M94: =F94-H94-I94-J94-K94 -> 511.5 | N94: 1400000227 | O94: 46163 | P94: 05/2026 | Q94: TELERISCO | R94: 1018840151 | S94: EAGLE TECH LOG | T94: 55365607000167 | U94: OPTANTE | V94: 11311094
A95: 05/2026 | B95: 46148 | C95: SP | D95: 338 | E95: 1800000630 | F95: 250 | G95: 0 | H95: 0 | I95: =ROUND(F95*1%,2) -> 2.5 | J95: =ROUND(F95*3%,2) -> 7.5 | K95: =ROUND(F95*0.65%,2) -> 1.63 | L95: =SUM(I95:K95) -> 11.63 | M95: =F95-H95-I95-J95-K95 -> 238.37 | N95: 1400000512 | O95: 46163 | P95: 05/2026 | Q95: TELERISCO | R95: 1016506511 | S95: CENTRAL LOG TRA | T95: 38345653000185 | U95: NAO OPTANTE | V95: 11311094
A96: 05/2026 | B96: 46148 | C96: SP | D96: 339 | E96: 1800000572 | F96: 250 | G96: 0 | H96: 0 | I96: =ROUND(F96*1%,2) -> 2.5 | J96: =ROUND(F96*3%,2) -> 7.5 | K96: =ROUND(F96*0.65%,2) -> 1.63 | L96: =SUM(I96:K96) -> 11.63 | M96: =F96-H96-I96-J96-K96 -> 238.37 | N96: 1400000513 | O96: 46163 | P96: 05/2026 | Q96: TELERISCO | R96: 1005618488 | S96: CENTRAL DE TRAN | T96: 8152302000197 | U96: NAO OPTANTE | V96: 11311094
A97: 05/2026 | B97: 46148 | C97: SP | D97: 340 | E97: 1800000619 | F97: 1665.5 | G97: 0 | H97: =ROUND(F97*1.5%,2) -> 24.98 | I97: =ROUND(F97*1%,2) -> 16.66 | J97: =ROUND(F97*3%,2) -> 49.97 | K97: =ROUND(F97*0.65%,2) -> 10.83 | L97: =SUM(I97:K97) -> 77.46 | M97: =F97-H97-I97-J97-K97 -> 1563.06 | O97: EM ABERTO | Q97: TELERISCO | R97: 1019200174 | S97: A C PORTELA LTD | T97: 32817557000106 | U97: NAO OPTANTE | V97: 11311094
A98: 05/2026 | B98: 46150 | C98: SP | D98: 341 | E98: 0 | F98: 0 | G98: 0 | H98: 0 | I98: 0 | J98: 0 | K98: 0 | L98: 0 | M98: CANCELADA | N98: 0 | O98: 0 | P98: 0 | Q98: NSTECH | R98: 0 | S98: 0 | T98: 0 | U98: N/A | V98: 11132091
A99: 05/2026 | B99: 46150 | C99: SP | D99: 342 | E99: 0 | F99: 0 | G99: 0 | H99: 0 | I99: 0 | J99: 0 | K99: 0 | L99: 0 | M99: CANCELADA | N99: 0 | O99: 0 | P99: 0 | Q99: NSTECH | R99: 0 | S99: 0 | T99: 0 | U99: N/A | V99: 11132091
A100: 05/2026 | B100: 46150 | C100: SP | D100: 343 | E100: 0 | F100: 0 | G100: 0 | H100: 0 | I100: 0 | J100: 0 | K100: 0 | L100: 0 | M100: CANCELADA | N100: 0 | O100: 0 | P100: 0 | Q100: NSTECH | R100: 0 | S100: 0 | T100: 0 | U100: N/A | V100: 11132091
A101: 05/2026 | B101: 46150 | C101: SP | D101: 344 | E101: 0 | F101: 0 | G101: 0 | H101: 0 | I101: 0 | J101: 0 | K101: 0 | L101: 0 | M101: CANCELADA | N101: 0 | O101: 0 | P101: 0 | Q101: NSTECH | R101: 0 | S101: 0 | T101: 0 | U101: N/A | V101: 11132091
...

Sheet RECEBIMENTO
A1: Faturamento e Apuração dos Tributos - Notas Fiscais emitidas
A2: SOMPO SERVICES GESTAO DE RISCOS E VISTORIA LTDA | K2: 46.206.637/0001-30
A4: COMP EMISSÃO | B4: DATA EMISSÃO | C4: Prefeitura | D4: Nº NF | E4: Numero SAP | F4: Valor N. Fiscal | G4: ISS - 5% | H4: IRRF - 1,5% | I4: CSLL - 1% | J4: COFINS- 3% | K4: PIS- 0,65% | L4: TOTAL CSRF | M4: Valor | N4: DOC REC BANCO | O4: Dt. Dep. | P4: COMP RECEBIMENTO | Q4: Cód | R4: BP | S4: Razão | T4: CNPJ | U4: REGIME
A5: 05/2026 | B5: 46150 | C5: SP | D5: 341 | E5: 0 | F5: 0 | G5: 0 | H5: 0 | I5: 0 | J5: 0 | K5: 0 | L5: 0 | M5: CANCELADA | N5: 0 | O5: 0 | P5: 0 | Q5: NSTECH | R5: 0 | S5: 0 | T5: 0 | U5: N/A
A6: 05/2026 | B6: 46150 | C6: SP | D6: 342 | E6: 0 | F6: 0 | G6: 0 | H6: 0 | I6: 0 | J6: 0 | K6: 0 | L6: 0 | M6: CANCELADA | N6: 0 | O6: 0 | P6: 0 | Q6: NSTECH | R6: 0 | S6: 0 | T6: 0 | U6: N/A
A7: 05/2026 | B7: 46150 | C7: SP | D7: 343 | E7: 0 | F7: 0 | G7: 0 | H7: 0 | I7: 0 | J7: 0 | K7: 0 | L7: 0 | M7: CANCELADA | N7: 0 | O7: 0 | P7: 0 | Q7: NSTECH | R7: 0 | S7: 0 | T7: 0 | U7: N/A
A8: 05/2026 | B8: 46150 | C8: SP | D8: 344 | E8: 0 | F8: 0 | G8: 0 | H8: 0 | I8: 0 | J8: 0 | K8: 0 | L8: 0 | M8: CANCELADA | N8: 0 | O8: 0 | P8: 0 | Q8: NSTECH | R8: 0 | S8: 0 | T8: 0 | U8: N/A
A9: 05/2026 | B9: 46150 | C9: SP | D9: 346 | E9: 0 | F9: 0 | G9: 0 | H9: =ROUND(F9*1.5%,2) -> 0 | I9: =ROUND(F9*1%,2) -> 0 | J9: =ROUND(F9*3%,2) -> 0 | K9: =ROUND(F9*0.65%,2) -> 0 | L9: =SUM(I9:K9) -> 0 | M9: CANCELADA | N9: 0 | O9: 0 | P9: 0 | Q9: NSTECH | R9: 0 | S9: 0 | T9: 0 | U9: N/A
A10: 05/2026 | B10: 46170 | C10: SP | D10: 351 | E10: 0 | F10: 0 | G10: 0 | H10: 0 | I10: 0 | J10: 0 | K10: 0 | L10: 0 | M10: CANCELADA | N10: 0 | O10: 0 | P10: 0 | Q10: NSTECH | R10: 0 | S10: 0 | T10: 0 | U10: N/A
A11: 06/2026 | B11: 46182 | C11: SP | D11: 353 | E11: 0 | F11: 0 | G11: 0 | H11: 0 | I11: 0 | J11: 0 | K11: 0 | L11: 0 | M11: CANCELADA | N11: 0 | O11: 0 | P11: 0 | Q11: NSTECH | R11: 0 | S11: 0 | T11: 0 | U11: N/A
A12: 06/2026 | B12: 46182 | C12: SP | D12: 354 | E12: 0 | F12: 0 | G12: 0 | H12: 0 | I12: 0 | J12: 0 | K12: 0 | L12: 0 | M12: CANCELADA | N12: 0 | O12: 0 | P12: 0 | Q12: NSTECH | R12: 0 | S12: 0 | T12: 0 | U12: N/A
A13: 06/2026 | B13: 46182 | C13: SP | D13: 355 | E13: 0 | F13: 0 | G13: 0 | H13: 0 | I13: 0 | J13: 0 | K13: 0 | L13: 0 | M13: CANCELADA | N13: 0 | O13: 0 | P13: 0 | Q13: NSTECH | R13: 0 | S13: 0 | T13: 0 | U13: N/A
A14: 12/2025 | B14: 46020 | C14: SP | D14: 247 | F14: 8468 | G14: 0 | H14: =ROUND(F14*1.5%,2) -> 127.02 | I14: =ROUND(F14*1%,2) -> 84.68 | J14: =ROUND(F14*3%,2) -> 254.04 | K14: =ROUND(F14*0.65%,2) -> 55.04 | L14: =SUM(I14:K14) -> 393.76 | M14: =F14-H14-I14-J14-K14 -> 7947.22 | N14: 1400000000 | O14: 46035 | P14: =TEXT(O14,"mm/aaaa") -> 01/2026 | Q14: TELERISCO | R14: 1008259405 | S14: SENSITIVE TRANSPORTES LTDA ME | T14: 28759933000186 | U14: NÃO optante pelo Simples Nacional
A15: =TEXT(B15,"mm/aaaa") -> 01/2026 | B15: 46028 | C15: SP | D15: 248 | E15: 1800000015 | F15: 547.5 | G15: 0 | H15: 0 | I15: =ROUND(F15*1%,2) -> 5.48 | J15: =ROUND(F15*3%,2) -> 16.43 | K15: =ROUND(F15*0.65%,2) -> 3.56 | L15: =SUM(I15:K15) -> 25.47 | M15: =F15-H15-I15-J15-K15 -> 522.03 | N15: 1400000015 | O15: 46043 | P15: =TEXT(O15,"mm/aaaa") -> 01/2026 | Q15: TELERISCO | R15: 1002640697 | S15: COOP DE TRANSP AUTONOMOS DE BENS DE SALTO E REGIAO | T15: 5370882000109 | U15: NÃO optante pelo Simples Nacional
A16: =TEXT(B16,"mm/aaaa") -> 01/2026 | B16: 46028 | C16: SP | D16: 249 | E16: 1800000000 | F16: 20758.5 | G16: 0 | H16: =ROUND(F16*1.5%,2) -> 311.38 | I16: =ROUND(F16*1%,2) -> 207.59 | J16: =ROUND(F16*3%,2) -> 622.76 | K16: =ROUND(F16*0.65%,2) -> 134.93 | L16: =SUM(I16:K16) -> 965.28 | M16: =F16-H16-I16-J16-K16 -> 19481.84 | N16: 1400000030 | O16: 46043 | P16: =TEXT(O16,"mm/aaaa") -> 01/2026 | Q16: TELERISCO | R16: 1001187614 | S16: INTEGRA BRASIL TRANSPORTES LTDA | T16: 9395767000131 | U16: NÃO optante pelo Simples Nacional
A17: =TEXT(B17,"mm/aaaa") -> 01/2026 | B17: 46028 | C17: SP | D17: 250 | E17: 1800000045 | F17: 1242 | G17: 0 | H17: =ROUND(F17*1.5%,2) -> 18.63 | I17: =ROUND(F17*1%,2) -> 12.42 | J17: =ROUND(F17*3%,2) -> 37.26 | K17: =ROUND(F17*0.65%,2) -> 8.07 | L17: =SUM(I17:K17) -> 57.75 | M17: =F17-H17-I17-J17-K17 -> 1165.62 | N17: 1400000045 | O17: 46043 | P17: =TEXT(O17,"mm/aaaa") -> 01/2026 | Q17: TELERISCO | R17: 1014825740 | S17: PC LOGISTICA LTDA | T17: 44120318000181 | U17: NÃO optante pelo Simples Nacional
A18: =TEXT(B18,"mm/aaaa") -> 01/2026 | B18: 46028 | C18: SP | D18: 251 | E18: 1800000016 | F18: 11366 | G18: 0 | H18: =ROUND(F18*1.5%,2) -> 170.49 | I18: =ROUND(F18*1%,2) -> 113.66 | J18: =ROUND(F18*3%,2) -> 340.98 | K18: =ROUND(F18*0.65%,2) -> 73.88 | L18: =SUM(I18:K18) -> 528.52 | M18: =F18-H18-I18-J18-K18 -> 10666.99 | N18: 1400000016 | O18: 46043 | P18: =TEXT(O18,"mm/aaaa") -> 01/2026 | Q18: TELERISCO | R18: 1008259405 | S18: SENSITIVE TRANSPORTES LTDA ME | T18: 28759933000186 | U18: NÃO optante pelo Simples Nacional
A19: =TEXT(B19,"mm/aaaa") -> 01/2026 | B19: 46028 | C19: SP | D19: 252 | E19: 1800000030 | F19: 3233.5 | G19: 0 | H19: =ROUND(F19*1.5%,2) -> 48.5 | I19: =ROUND(F19*1%,2) -> 32.34 | J19: =ROUND(F19*3%,2) -> 97.01 | K19: =ROUND(F19*0.65%,2) -> 21.02 | L19: =SUM(I19:K19) -> 150.37 | M19: =F19-H19-I19-J19-K19 -> 3034.63 | N19: 1400000060 | O19: 46043 | P19: =TEXT(O19,"mm/aaaa") -> 01/2026 | Q19: TELERISCO | R19: 1007834227 | S19: ZANIN TRANSPORTES E LOGISTICA LTDA | T19: 14457026000178 | U19: NÃO optante pelo Simples Nacional
A20: 12/2025 | B20: 46013 | C20: SP | D20: 242 | E20: 2200001471 | F20: 5500.06 | H20: =ROUND(F20*1.5%,2) -> 82.5 | I20: =ROUND(F20*1%,2) -> 55 | J20: =ROUND(F20*3%,2) -> 165 | K20: =ROUND(F20*0.65%,2) -> 35.75 | L20: =SUM(I20:K20) -> 255.75 | M20: =F20-H20-I20-J20-K20 -> 5161.81 | N20: 1400000090 | O20: 46055 | P20: =TEXT(O20,"mm/aaaa") -> 02/2026 | Q20: 3115 | R20: 1007620183 | S20: GOLDEN SAT | T20: 9446817000162 | U20: NÃO optante pelo Simples Nacional
A21: 10/2025 | B21: 45957 | C21: SP | D21: 227 | E21: 1800000210 | F21: 14128.31 | H21: =ROUND(F21*1.5%,2) -> 211.92 | I21: =ROUND(F21*1%,2) -> 141.28 | J21: =ROUND(F21*3%,2) -> 423.85 | K21: =ROUND(F21*0.65%,2) -> 91.83 | L21: =SUM(I21:K21) -> 656.96 | M21: =F21-H21-I21-J21-K21 -> 13259.43 | N21: 1400000075 | O21: 46055 | P21: =TEXT(O21,"mm/aaaa") -> 02/2026 | Q21: 3115 | R21: 1007620183 | S21: GOLDEN SAT | T21: 9446817000162 | U21: NÃO optante pelo Simples Nacional
A22: =TEXT(B22,"mm/aaaa") -> 02/2026 | B22: 46061 | C22: SP | D22: 258 | E22: 1800000090 | F22: 16005.5 | H22: =ROUND(F22*1.5%,2) -> 240.08 | I22: =ROUND(F22*1%,2) -> 160.06 | J22: =ROUND(F22*3%,2) -> 480.17 | K22: =ROUND(F22*0.65%,2) -> 104.04 | L22: =SUM(I22:K22) -> 744.27 | M22: =F22-H22-I22-J22-K22 -> 15021.15 | N22: 1400000105 | O22: 46079 | P22: =TEXT(O22,"mm/aaaa") -> 02/2026 | Q22: TELERISCO | R22: 1001187614 | S22: INTEGRA BRASIL TRANSPORTES LTDA | T22: 9395767000131 | U22: NÃO optante pelo Simples Nacional
A23: =TEXT(B23,"mm/aaaa") -> 02/2026 | B23: 46062 | C23: SP | D23: 259 | E23: 1800000151 | F23: 69 | H23: 0 | I23: 0 | J23: 0 | K23: 0 | L23: =SUM(I23:K23) -> 0 | M23: =F23-H23-I23-J23-K23 -> 69 | N23: 1400000150 | O23: 46079 | P23: =TEXT(O23,"mm/aaaa") -> 02/2026 | Q23: TELERISCO | R23: 1018345066 | S23: TRANSPORTADORA ANDARILHO LTDA | T23: 57904437000177 | U23: Optante pelo Simples Nacional desde 30/10/2024
A24: =TEXT(B24,"mm/aaaa") -> 02/2026 | B24: 46062 | C24: SP | D24: 260 | E24: 1800000105 | F24: 3540.5 | H24: =ROUND(F24*1.5%,2) -> 53.11 | I24: =ROUND(F24*1%,2) -> 35.41 | J24: =ROUND(F24*3%,2) -> 106.22 | K24: =ROUND(F24*0.65%,2) -> 23.01 | L24: =SUM(I24:K24) -> 164.64 | M24: =F24-H24-I24-J24-K24 -> 3322.75 | N24: 1400000120 | O24: 46079 | P24: =TEXT(O24,"mm/aaaa") -> 02/2026 | Q24: TELERISCO | R24: 1008259405 | S24: SENSITIVE TRANSPORTES LTDA ME | T24: 28759933000186 | U24: NÃO optante pelo Simples Nacional
A25: =TEXT(B25,"mm/aaaa") -> 02/2026 | B25: 46062 | C25: SP | D25: 263 | E25: 1800000135 | F25: 250 | H25: 0 | I25: =ROUND(F25*1%,2) -> 2.5 | J25: =ROUND(F25*3%,2) -> 7.5 | K25: =ROUND(F25*0.65%,2) -> 1.63 | L25: =SUM(I25:K25) -> 11.63 | M25: =F25-H25-I25-J25-K25 -> 238.37 | N25: 1400000135 | O25: 46079 | P25: =TEXT(O25,"mm/aaaa") -> 02/2026 | Q25: TELERISCO | R25: 1002640697 | S25: COOP DE TRANSP AUTONOMOS DE BENS DE SALTO E REGIAO | T25: 5370882000109 | U25: NÃO optante pelo Simples Nacional
A26: =TEXT(B26,"mm/aaaa") -> 02/2026 | B26: 46062 | C26: SP | D26: 264 | E26: 1800000122 | F26: 571 | H26: 0 | I26: =ROUND(F26*1%,2) -> 5.71 | J26: =ROUND(F26*3%,2) -> 17.13 | K26: =ROUND(F26*0.65%,2) -> 3.71 | L26: =SUM(I26:K26) -> 26.55 | M26: =F26-H26-I26-J26-K26 -> 544.45 | N26: 1400000165 | O26: 46080 | P26: =TEXT(O26,"mm/aaaa") -> 02/2026 | Q26: TELERISCO | R26: 1017716043 | S26: ANSELMINI RODOVIARIO LTDA | T26: 57951895000167 | U26: NÃO optante pelo Simples Nacional
A27: =TEXT(B27,"mm/aaaa") -> 02/2026 | B27: 46062 | C27: SP | D27: 265 | E27: 1800000150 | F27: 1458.5 | H27: =ROUND(F27*1.5%,2) -> 21.88 | I27: =ROUND(F27*1%,2) -> 14.59 | J27: =ROUND(F27*3%,2) -> 43.76 | K27: =ROUND(F27*0.65%,2) -> 9.48 | L27: =SUM(I27:K27) -> 67.83 | M27: =F27-H27-I27-J27-K27 -> 1368.79 | N27: 1400000136 | O27: 46079 | P27: =TEXT(O27,"mm/aaaa") -> 02/2026 | Q27: TELERISCO | R27: 1007834227 | S27: ZANIN TRANSPORTES E LOGISTICA LTDA | T27: 14457026000178 | U27: NÃO optante pelo Simples Nacional
A28: =TEXT(B28,"mm/aaaa") -> 02/2026 | B28: 46062 | C28: SP | D28: 266 | E28: 1800000123 | F28: 235.5 | H28: 0 | I28: =ROUND(F28*1%,2) -> 2.36 | J28: =ROUND(F28*3%,2) -> 7.07 | K28: =ROUND(F28*0.65%,2) -> 1.53 | L28: =SUM(I28:K28) -> 10.96 | M28: =F28-H28-I28-J28-K28 -> 224.54 | N28: 1400000166 | O28: 46080 | P28: =TEXT(O28,"mm/aaaa") -> 02/2026 | Q28: TELERISCO | R28: 1018930052 | S28: HE TRANSPORTES LTDA | T28: 45916594000113 | U28: NÃO optante pelo Simples Nacional
A29: =TEXT(B29,"mm/aaaa") -> 02/2026 | B29: 46062 | C29: SP | D29: 267 | E29: 1800000152 | F29: 78.5 | H29: 0 | I29: 0 | J29: 0 | K29: 0 | L29: =SUM(I29:K29) -> 0 | M29: =F29-H29-I29-J29-K29 -> 78.5 | N29: 1400000255 | O29: 46112 | P29: =TEXT(O29,"mm/aaaa") -> 03/2026 | Q29: TELERISCO | R29: 1017130541 | S29: TRANSPACKLOG TRANSPORTE DE CARGAS LTDA | T29: 53045500000106 | U29: Optante pelo Simples Nacional desde 01/01/2024
A30: =TEXT(B30,"mm/aaaa") -> 03/2026 | B30: 46086 | C30: SP | D30: 270 | E30: 1800000241 | F30: 138 | H30: 0 | I30: 0 | J30: 0 | K30: 0 | L30: =SUM(I30:K30) -> 0 | M30: =F30-H30-I30-J30-K30 -> 138 | N30: 1400000211 | O30: 46107 | P30: =TEXT(O30,"mm/aaaa") -> 03/2026 | Q30: TELERISCO | R30: 1018645192 | S30: SUNO DISTRIBUIDORA SOLAR LTDA | T30: 32764816000188 | U30: NÃO optante pelo Simples Nacional
A31: =TEXT(B31,"mm/aaaa") -> 03/2026 | B31: 46086 | C31: SP | D31: 272 | E31: 1800000257 | F31: 250 | H31: 0 | I31: 0 | J31: 0 | K31: 0 | L31: =SUM(I31:K31) -> 0 | M31: =F31-H31-I31-J31-K31 -> 250 | N31: 1400000181 | O31: 46107 | P31: =TEXT(O31,"mm/aaaa") -> 03/2026 | Q31: TELERISCO | R31: 1017130541 | S31: TRANSPACKLOG TRANSPORTE DE CARGAS LTDA | T31: 53045500000106 | U31: Optante pelo Simples Nacional desde 01/01/2024
A32: =TEXT(B32,"mm/aaaa") -> 03/2026 | B32: 46086 | C32: SP | D32: 273 | E32: 1800000286 | F32: 250 | H32: 0 | I32: 0 | J32: 0 | K32: 0 | L32: =SUM(I32:K32) -> 0 | M32: =F32-H32-I32-J32-K32 -> 250 | N32: 1400000240 | O32: 46107 | P32: =TEXT(O32,"mm/aaaa") -> 03/2026 | Q32: TELERISCO | R32: 1018345066 | S32: TRANSPORTADORA ANDARILHO LTDA | T32: 57904437000177 | U32: Optante pelo Simples Nacional desde 30/10/2024
A33: =TEXT(B33,"mm/aaaa") -> 03/2026 | B33: 46086 | C33: SP | D33: 274 | E33: 1800000271 | F33: 2804.5 | H33: =ROUND(F33*1.5%,2) -> 42.07 | I33: =ROUND(F33*1%,2) -> 28.05 | J33: =ROUND(F33*3%,2) -> 84.14 | K33: =ROUND(F33*0.65%,2) -> 18.23 | L33: =SUM(I33:K33) -> 130.42 | M33: =F33-H33-I33-J33-K33 -> 2632.01 | N33: 1400000285 | O33: 46112 | P33: =TEXT(O33,"mm/aaaa") -> 03/2026 | Q33: TELERISCO | R33: 1017716043 | S33: ANSELMINI RODOVIARIO LTDA | T33: 57951895000167 | U33: NÃO optante pelo Simples Nacional
A34: =TEXT(B34,"mm/aaaa") -> 03/2026 | B34: 46086 | C34: SP | D34: 276 | E34: 1800000255 | F34: 97.5 | H34: 0 | I34: 0 | J34: 0 | K34: 0 | L34: =SUM(I34:K34) -> 0 | M34: =F34-H34-I34-J34-K34 -> 97.5 | N34: 1400000300 | O34: 46112 | P34: =TEXT(O34,"mm/aaaa") -> 03/2026 | Q34: TELERISCO | R34: 1018120652 | S34: ARK LOGISTICA ASSESSORIA E TREINAMENTOS EM COMEX LTDA | T34: 30341404000100 | U34: NÃO optante pelo Simples Nacional
A35: =TEXT(B35,"mm/aaaa") -> 03/2026 | B35: 46086 | C35: SP | D35: 278 | E35: 1800000300 | F35: 250 | H35: 0 | I35: 0 | J35: 0 | K35: 0 | L35: =SUM(I35:K35) -> 0 | M35: =F35-H35-I35-J35-K35 -> 250 | N35: 1400000213 | O35: 46107 | P35: =TEXT(O35,"mm/aaaa") -> 03/2026 | Q35: TELERISCO | R35: 1005618488 | S35: CENTRAL LOGISTICA DE TRANSPORTE LTDA | T35: 8152302000197 | U35: NÃO optante pelo Simples Nacional
A36: =TEXT(B36,"mm/aaaa") -> 03/2026 | B36: 46086 | C36: SP | D36: 279 | E36: 1800000195 | F36: 250 | H36: 0 | I36: =ROUND(F36*1%,2) -> 2.5 | J36: =ROUND(F36*3%,2) -> 7.5 | K36: =ROUND(F36*0.65%,2) -> 1.63 | L36: =SUM(I36:K36) -> 11.63 | M36: =F36-H36-I36-J36-K36 -> 238.37 | N36: 1400000270 | O36: 46112 | P36: =TEXT(O36,"mm/aaaa") -> 03/2026 | Q36: TELERISCO | R36: 1002640697 | S36: COOP DE TRANSP AUTONOMOS DE BENS DE SALTO E REGIAO | T36: 5370882000109 | U36: NÃO optante pelo Simples Nacional
A37: =TEXT(B37,"mm/aaaa") -> 03/2026 | B37: 46086 | C37: SP | D37: 280 | E37: 1800000210 | F37: 15298 | H37: =ROUND(F37*1.5%,2) -> 229.47 | I37: =ROUND(F37*1%,2) -> 152.98 | J37: =ROUND(F37*3%,2) -> 458.94 | K37: =ROUND(F37*0.65%,2) -> 99.44 | L37: =SUM(I37:K37) -> 711.36 | M37: =F37-H37-I37-J37-K37 -> 14357.17 | N37: 1400000195 | O37: 46107 | P37: =TEXT(O37,"mm/aaaa") -> 03/2026 | Q37: TELERISCO | R37: 1001187614 | S37: INTEGRA BRASIL TRANSPORTES LTDA | T37: 9395767000131 | U37: NÃO optante pelo Simples Nacional
A38: =TEXT(B38,"mm/aaaa") -> 03/2026 | B38: 46086 | C38: SP | D38: 281 | E38: 1800000225 | F38: 345 | H38: 0 | I38: =ROUND(F38*1%,2) -> 3.45 | J38: =ROUND(F38*3%,2) -> 10.35 | K38: =ROUND(F38*0.65%,2) -> 2.24 | L38: =SUM(I38:K38) -> 16.04 | M38: =F38-H38-I38-J38-K38 -> 328.96 | N38: 1400000315 | O38: 46112 | P38: =TEXT(O38,"mm/aaaa") -> 03/2026 | Q38: TELERISCO | R38: 1007834227 | S38: ZANIN TRANSPORTES E LOGISTICA LTDA | T38: 14457026000178 | U38: NÃO optante pelo Simples Nacional
A39: =TEXT(B39,"mm/aaaa") -> 03/2026 | B39: 46086 | C39: SP | D39: 282 | E39: 1800000226 | F39: 5651 | H39: =ROUND(F39*1.5%,2) -> 84.77 | I39: =ROUND(F39*1%,2) -> 56.51 | J39: =ROUND(F39*3%,2) -> 169.53 | K39: =ROUND(F39*0.65%,2) -> 36.73 | L39: =SUM(I39:K39) -> 262.77 | M39: =F39-H39-I39-J39-K39 -> 5303.46 | N39: 1400000210 | O39: 46107 | P39: =TEXT(O39,"mm/aaaa") -> 03/2026 | Q39: TELERISCO | R39: 1008259405 | S39: SENSITIVE TRANSPORTES LTDA ME | T39: 28759933000186 | U39: NÃO optante pelo Simples Nacional
A40: =TEXT(B40,"mm/aaaa") -> 03/2026 | B40: 46086 | C40: SP | D40: 283 | E40: 1800000240 | F40: 966 | H40: =ROUND(F40*1.5%,2) -> 14.49 | I40: =ROUND(F40*1%,2) -> 9.66 | J40: =ROUND(F40*3%,2) -> 28.98 | K40: =ROUND(F40*0.65%,2) -> 6.28 | L40: =SUM(I40:K40) -> 44.92 | M40: =F40-H40-I40-J40-K40 -> 906.59 | N40: 1400000225 | O40: 46107 | P40: =TEXT(O40,"mm/aaaa") -> 03/2026 | Q40: TELERISCO | R40: 1018585294 | S40: NAIK TRANSPORTE E L LTDA | T40: 29260142000170 | U40: NÃO optante pelo Simples Nacional
A41: =TEXT(B41,"mm/aaaa") -> 03/2026 | B41: 46086 | C41: SP | D41: 284 | E41: 1800000256 | F41: 250 | H41: 0 | I41: 0 | J41: 0 | K41: 0 | L41: =SUM(I41:K41) -> 0 | M41: =F41-H41-I41-J41-K41 -> 250 | N41: 1400000180 | O41: 46107 | P41: =TEXT(O41,"mm/aaaa") -> 03/2026 | Q41: TELERISCO | R41: 1018840151 | S41: EAGLE GROUP TECHNOLOGIES LOGISTICS E TRANSPORTS LTDA | T41: 55365607000167 | U41: Optante pelo Simples Nacional desde 03/06/2024
A42: =TEXT(B42,"mm/aaaa") -> 03/2026 | B42: 46086 | C42: SP | D42: 285 | E42: 1800000258 | F42: 250 | H42: 0 | I42: =ROUND(F42*1%,2) -> 2.5 | J42: =ROUND(F42*3%,2) -> 7.5 | K42: =ROUND(F42*0.65%,2) -> 1.63 | L42: =SUM(I42:K42) -> 11.63 | M42: =F42-H42-I42-J42-K42 -> 238.37 | N42: 1400000212 | O42: 46107 | P42: =TEXT(O42,"mm/aaaa") -> 03/2026 | Q42: TELERISCO | R42: 1018930052 | S42: HE TRANSPORTES LTDA | T42: 45916594000113 | U42: NÃO optante pelo Simples Nacional
A43: =TEXT(B43,"mm/aaaa") -> 03/2026 | B43: 46086 | C43: SP | D43: 275 | E43: 1800000272 | F43: 3588 | H43: =ROUND(F43*1.5%,2) -> 53.82 | I43: =ROUND(F43*1%,2) -> 35.88 | J43: =ROUND(F43*3%,2) -> 107.64 | K43: =ROUND(F43*0.65%,2) -> 23.32 | L43: =SUM(I43:K43) -> 166.84 | M43: =F43-H43-I43-J43-K43 -> 3367.34 | N43: 1400000330 | O43: 46135 | P43: =TEXT(O43,"mm/aaaa") -> 04/2026 | Q43: TELERISCO | R43: 1018075263 | S43: TRILOG EXPRESS LTDA | T43: 58578490000198 | U43: NÃO optante pelo Simples Nacional
A44: =TEXT(B44,"mm/aaaa") -> 04/2026 | B44: 46118 | C44: SP | D44: 287 | E44: 1800000360 | F44: 250 | H44: 0 | I44: 0 | J44: 0 | K44: 0 | L44: =SUM(I44:K44) -> 0 | M44: =F44-H44-I44-J44-K44 -> 250 | N44: 1400000345 | O44: 46135 | P44: =TEXT(O44,"mm/aaaa") -> 04/2026 | Q44: TELERISCO | R44: 1005618488 | S44: CENTRAL LOGISTICA DE TRANSPORTE LTDA | T44: 8152302000197 | U44: NÃO optante pelo Simples Nacional
A45: =TEXT(B45,"mm/aaaa") -> 04/2026 | B45: 46118 | C45: SP | D45: 288 | E45: 1800000361 | F45: 15102.5 | H45: =ROUND(F45*1.5%,2) -> 226.54 | I45: =ROUND(F45*1%,2) -> 151.03 | J45: =ROUND(F45*3%,2) -> 453.08 | K45: =ROUND(F45*0.65%,2) -> 98.17 | L45: =SUM(I45:K45) -> 702.28 | M45: =F45-H45-I45-J45-K45 -> 14173.68 | N45: 1400000360 | O45: 46135 | P45: =TEXT(O45,"mm/aaaa") -> 04/2026 | Q45: TELERISCO | R45: 1001187614 | S45: INTEGRA BRASIL TRANSPORTES LTDA | T45: 9395767000131 | U45: NÃO optante pelo Simples Nacional
A46: =TEXT(B46,"mm/aaaa") -> 04/2026 | B46: 46118 | C46: SP | D46: 290 | E46: 1800000423 | F46: 250 | H46: 0 | I46: =ROUND(F46*1%,2) -> 2.5 | J46: =ROUND(F46*3%,2) -> 7.5 | K46: =ROUND(F46*0.65%,2) -> 1.63 | L46: =SUM(I46:K46) -> 11.63 | M46: =F46-H46-I46-J46-K46 -> 238.37 | N46: 1400000405 | O46: 46135 | P46: =TEXT(O46,"mm/aaaa") -> 04/2026 | Q46: TELERISCO | R46: 1015739477 | S46: SEVAL TRANSPORTES | T46: 39857410000199 | U46: NÃO optante pelo Simples Nacional
A47: =TEXT(B47,"mm/aaaa") -> 04/2026 | B47: 46118 | C47: SP | D47: 291 | E47: 1800000362 | F47: 8232.5 | H47: =ROUND(F47*1.5%,2) -> 123.49 | I47: =ROUND(F47*1%,2) -> 82.33 | J47: =ROUND(F47*3%,2) -> 246.98 | K47: =ROUND(F47*0.65%,2) -> 53.51 | L47: =SUM(I47:K47) -> 382.82 | M47: =F47-H47-I47-J47-K47 -> 7726.19 | N47: 1400000346 | O47: 46135 | P47: =TEXT(O47,"mm/aaaa") -> 04/2026 | Q47: TELERISCO | R47: 1008259405 | S47: SENSITIVE TRANSPORTES LTDA ME | T47: 28759933000186 | U47: NÃO optante pelo Simples Nacional
A48: =TEXT(B48,"mm/aaaa") -> 04/2026 | B48: 46118 | C48: SP | D48: 292 | E48: 1800000375 | F48: 2022 | H48: =ROUND(F48*1.5%,2) -> 30.33 | I48: =ROUND(F48*1%,2) -> 20.22 | J48: =ROUND(F48*3%,2) -> 60.66 | K48: =ROUND(F48*0.65%,2) -> 13.14 | L48: =SUM(I48:K48) -> 94.02 | M48: =F48-H48-I48-J48-K48 -> 1897.65 | N48: 1400000375 | O48: 46135 | P48: =TEXT(O48,"mm/aaaa") -> 04/2026 | Q48: TELERISCO | R48: 1018585294 | S48: NAIK TRANSPORTE E L LTDA | T48: 29260142000170 | U48: NÃO optante pelo Simples Nacional
A49: =TEXT(B49,"mm/aaaa") -> 04/2026 | B49: 46118 | C49: SP | D49: 293 | E49: 1800000136 | F49: 6621.5 | H49: =ROUND(F49*1.5%,2) -> 99.32 | I49: =ROUND(F49*1%,2) -> 66.22 | J49: =ROUND(F49*3%,2) -> 198.65 | K49: =ROUND(F49*0.65%,2) -> 43.04 | L49: =SUM(I49:K49) -> 307.91 | M49: =F49-H49-I49-J49-K49 -> 6214.27 | N49: 1400000376 | O49: 46135 | P49: =TEXT(O49,"mm/aaaa") -> 04/2026 | Q49: TELERISCO | R49: 1018120652 | S49: ARK LOGISTICA ASSESSORIA E TREINAMENTOS EM COMEX LTDA | T49: 30341404000100 | U49: NÃO optante pelo Simples Nacional
A50: =TEXT(B50,"mm/aaaa") -> 04/2026 | B50: 46118 | C50: SP | D50: 295 | E50: 1800000153 | F50: 250 | H50: 0 | I50: =ROUND(F50*1%,2) -> 2.5 | J50: =ROUND(F50*3%,2) -> 7.5 | K50: =ROUND(F50*0.65%,2) -> 1.63 | L50: =SUM(I50:K50) -> 11.63 | M50: =F50-H50-I50-J50-K50 -> 238.37 | N50: 1400000331 | O50: 46135 | P50: =TEXT(O50,"mm/aaaa") -> 04/2026 | Q50: TELERISCO | R50: 1002640697 | S50: COOP DE TRANSP AUTONOMOS DE BENS DE SALTO E REGIAO | T50: 5370882000109 | U50: NÃO optante pelo Simples Nacional
A51: =TEXT(B51,"mm/aaaa") -> 04/2026 | B51: 46118 | C51: SP | D51: 296 | E51: 1800000390 | F51: 4346 | H51: =ROUND(F51*1.5%,2) -> 65.19 | I51: =ROUND(F51*1%,2) -> 43.46 | J51: =ROUND(F51*3%,2) -> 130.38 | K51: =ROUND(F51*0.65%,2) -> 28.25 | L51: =SUM(I51:K51) -> 202.09 | M51: =F51-H51-I51-J51-K51 -> 4078.72 | N51: 1400000332 | O51: 46135 | P51: =TEXT(O51,"mm/aaaa") -> 04/2026 | Q51: TELERISCO | R51: 1017716043 | S51: ANSELMINI RODOVIARIO LTDA | T51: 57951895000167 | U51: NÃO optante pelo Simples Nacional
A52: =TEXT(B52,"mm/aaaa") -> 04/2026 | B52: 46118 | C52: SP | D52: 300 | E52: 1800000420 | F52: 250 | H52: 0 | I52: =ROUND(F52*1%,2) -> 2.5 | J52: =ROUND(F52*3%,2) -> 7.5 | K52: =ROUND(F52*0.65%,2) -> 1.63 | L52: =SUM(I52:K52) -> 11.63 | M52: =F52-H52-I52-J52-K52 -> 238.37 | N52: 1400000333 | O52: 46135 | P52: =TEXT(O52,"mm/aaaa") -> 04/2026 | Q52: TELERISCO | R52: 1007834227 | S52: ZANIN TRANSPORTES E LOGISTICA LTDA | T52: 14457026000178 | U52: NÃO optante pelo Simples Nacional
A53: =TEXT(B53,"mm/aaaa") -> 04/2026 | B53: 46118 | C53: SP | D53: 303 | E53: 1800000450 | F53: 250 | H53: 0 | I53: 0 | J53: 0 | K53: 0 | L53: =SUM(I53:K53) -> 0 | M53: =F53-H53-I53-J53-K53 -> 250 | N53: 1400000390 | O53: 46135 | P53: =TEXT(O53,"mm/aaaa") -> 04/2026 | Q53: TELERISCO | R53: 1017130541 | S53: TRANSPACKLOG TRANSPORTE DE CARGAS LTDA | T53: 53045500000106 | U53: Optante pelo Simples Nacional desde 01/01/2024
A54: =TEXT(B54,"mm/aaaa") -> 04/2026 | B54: 46118 | C54: SP | D54: 304 | E54: 1800000451 | F54: 250 | H54: 0 | I54: 0 | J54: 0 | K54: 0 | L54: =SUM(I54:K54) -> 0 | M54: =F54-H54-I54-J54-K54 -> 250 | N54: 1400000391 | O54: 46135 | P54: =TEXT(O54,"mm/aaaa") -> 04/2026 | Q54: TELERISCO | R54: 1016771816 | S54: UNNI SOLUCOES LOGISTICAS LTDA | T54: 41607658000143 | U54: NÃO optante pelo Simples Nacional
A55: =TEXT(B55,"mm/aaaa") -> 04/2026 | B55: 46118 | C55: SP | D55: 306 | E55: 1800000437 | F55: 250 | H55: 0 | I55: =ROUND(F55*1%,2) -> 2.5 | J55: =ROUND(F55*3%,2) -> 7.5 | K55: =ROUND(F55*0.65%,2) -> 1.63 | L55: =SUM(I55:K55) -> 11.63 | M55: =F55-H55-I55-J55-K55 -> 238.37 | N55: 1400000392 | O55: 46135 | P55: =TEXT(O55,"mm/aaaa") -> 04/2026 | Q55: TELERISCO | R55: 1018645192 | S55: SUNO DISTRIBUIDORA SOLAR LTDA | T55: 32764816000188 | U55: NÃO optante pelo Simples Nacional
A56: =TEXT(B56,"mm/aaaa") -> 04/2026 | B56: 46118 | C56: SP | D56: 307 | E56: 1800000465 | F56: 1881.5 | H56: =ROUND(F56*1.5%,2) -> 28.22 | I56: =ROUND(F56*1%,2) -> 18.82 | J56: =ROUND(F56*3%,2) -> 56.45 | K56: =ROUND(F56*0.65%,2) -> 12.23 | L56: =SUM(I56:K56) -> 87.5 | M56: =F56-H56-I56-J56-K56 -> 1765.78 | N56: 1400000393 | O56: 46135 | P56: =TEXT(O56,"mm/aaaa") -> 04/2026 | Q56: TELERISCO | R56: 1019125108 | S56: ADM COMERCIO TRANSPORTES E RECICLAGEM DE METAIS LTDA | T56: 8799020000186 | U56: NÃO optante pelo Simples Nacional
A57: =TEXT(B57,"mm/aaaa") -> 04/2026 | B57: 46118 | C57: SP | D57: 298 | E57: 1800000376 | F57: 3312 | H57: =ROUND(F57*1.5%,2) -> 49.68 | I57: =ROUND(F57*1%,2) -> 33.12 | J57: =ROUND(F57*3%,2) -> 99.36 | K57: =ROUND(F57*0.65%,2) -> 21.53 | L57: =SUM(I57:K57) -> 154.01 | M57: =F57-H57-I57-J57-K57 -> 3108.31 | N57: 1400000435 | O57: 46142 | P57: =TEXT(O57,"mm/aaaa") -> 04/2026 | Q57: TELERISCO | R57: 1018075263 | S57: TRILOG EXPRESS LTDA | T57: 58578490000198 | U57: NÃO optante pelo Simples Nacional
A58: =TEXT(B58,"mm/aaaa") -> 04/2026 | B58: 46118 | C58: SP | D58: 305 | E58: 1800000181 | F58: 250 | H58: 0 | I58: =ROUND(F58*1%,2) -> 2.5 | J58: =ROUND(F58*3%,2) -> 7.5 | K58: =ROUND(F58*0.65%,2) -> 1.63 | L58: =SUM(I58:K58) -> 11.63 | M58: =F58-H58-I58-J58-K58 -> 238.37 | N58: 1400000361 | O58: 46134 | P58: 04/2026 | Q58: TELERISCO | R58: 1016506511 | S58: CENTRAL LOGISTICA TRANSPORTES LTDA ME | T58: 38345653000185 | U58: NÃO optante pelo Simples Nacional
A59: =TEXT(B59,"mm/aaaa") -> 04/2026 | B59: 46118 | C59: SP | D59: 294 | E59: 1800000510 | F59: 78.5 | H59: 0 | I59: 0 | J59: 0 | K59: 0 | L59: =SUM(I59:K59) -> 0 | M59: =F59-H59-I59-J59-K59 -> 78.5 | N59: 1400000450 | O59: 46142 | P59: 04/2026 | Q59: TELERISCO | R59: 1005047386 | S59: PANTERA ALIMENTOS LTDA | T59: 47425731000142 | U59: NÃO optante pelo Simples Nacional
A60: =TEXT(B60,"mm/aaaa") -> 03/2026 | B60: 46086 | C60: SP | D60: 271 | E60: 1800000525 | F60: 254.5 | H60: 0 | I60: 0 | J60: 0 | K60: 0 | L60: =SUM(I60:K60) -> 0 | M60: =F60-H60-I60-J60-K60 -> 254.5 | N60: 1400000436 | O60: 46148 | P60: 05/2026 | Q60: TELERISCO | R60: 1016771816 | S60: UNNI SOLUCOES LOGISTICAS LTDA | T60: 41607658000143 | U60: NÃO optante pelo Simples Nacional
A61: 05/2026 | B61: 46148 | C61: SP | D61: 311 | E61: 1800000540 | F61: 250 | G61: 0 | H61: 0 | I61: =ROUND(F61*1%,2) -> 2.5 | J61: =ROUND(F61*3%,2) -> 7.5 | K61: =ROUND(F61*0.65%,2) -> 1.63 | L61: =SUM(I61:K61) -> 11.63 | M61: =F61-H61-I61-J61-K61 -> 238.37 | N61: 1400000630 | O61: 46170 | P61: 05/2026 | Q61: TELERISCO | R61: 1013447909 | S61: PRIMESERV | T61: 5514753000139 | U61: NAO OPTANTE
A62: 05/2026 | B62: 46148 | C62: SP | D62: 312 | E62: 1800000555 | F62: 2152.5 | G62: 0 | H62: =ROUND(F62*1.5%,2) -> 32.29 | I62: =ROUND(F62*1%,2) -> 21.53 | J62: =ROUND(F62*3%,2) -> 64.58 | K62: =ROUND(F62*0.65%,2) -> 13.99 | L62: =SUM(I62:K62) -> 100.1 | M62: =F62-H62-I62-J62-K62 -> 2020.11 | N62: 1400000480 | O62: 46163 | P62: 05/2026 | Q62: TELERISCO | R62: 1019125108 | S62: ADM COMERCIO TR | T62: 8799020000186 | U62: NAO OPTANTE
A63: 05/2026 | B63: 46148 | C63: SP | D63: 313 | E63: 1800000570 | F63: 12803.5 | G63: 0 | H63: =ROUND(F63*1.5%,2) -> 192.05 | I63: =ROUND(F63*1%,2) -> 128.04 | J63: =ROUND(F63*3%,2) -> 384.11 | K63: =ROUND(F63*0.65%,2) -> 83.22 | L63: =SUM(I63:K63) -> 595.37 | M63: =F63-H63-I63-J63-K63 -> 12016.08 | N63: 1400000481 | O63: 46163 | P63: 05/2026 | Q63: TELERISCO | R63: 1001187614 | S63: INTEGRA BRASIL | T63: 9395767000131 | U63: NÃO OPTANTE
A64: 05/2026 | B64: 46148 | C64: SP | D64: 315 | E64: 1800000586 | F64: 7147.5 | G64: 0 | H64: =ROUND(F64*1.5%,2) -> 107.21 | I64: =ROUND(F64*1%,2) -> 71.48 | J64: =ROUND(F64*3%,2) -> 214.43 | K64: =ROUND(F64*0.65%,2) -> 46.46 | L64: =SUM(I64:K64) -> 332.37 | M64: =F64-H64-I64-J64-K64 -> 6707.92 | N64: 1400000495 | O64: 46163 | P64: 05/2026 | Q64: TELERISCO | R64: 1008259405 | S64: SENSITIVE TRANS | T64: 28759933000186 | U64: NAO OPTANTE
A65: 05/2026 | B65: 46148 | C65: SP | D65: 316 | E65: 1800000541 | F65: 1087 | G65: 0 | H65: =ROUND(F65*1.5%,2) -> 16.31 | I65: =ROUND(F65*1%,2) -> 10.87 | J65: =ROUND(F65*3%,2) -> 32.61 | K65: =ROUND(F65*0.65%,2) -> 7.07 | L65: =SUM(I65:K65) -> 50.55 | M65: =F65-H65-I65-J65-K65 -> 1020.14 | N65: 1400000482 | O65: 46163 | P65: 05/2026 | Q65: TELERISCO | R65: 1018585294 | S65: NAIK TRANSPORTE | T65: 29260142000170 | U65: NAO OPTANTE
A66: 05/2026 | B66: 46148 | C66: SP | D66: 317 | E66: 1800000196 | F66: 8339.5 | G66: 0 | H66: =ROUND(F66*1.5%,2) -> 125.09 | I66: =ROUND(F66*1%,2) -> 83.4 | J66: =ROUND(F66*3%,2) -> 250.19 | K66: =ROUND(F66*0.65%,2) -> 54.21 | L66: =SUM(I66:K66) -> 387.8 | M66: =F66-H66-I66-J66-K66 -> 7826.61 | N66: 1400000483 | O66: 46163 | P66: 05/2026 | Q66: TELERISCO | R66: 1016704774 | S66: JJA | T66: 29543880000124 | U66: NAO OPTANTE
A67: 05/2026 | B67: 46148 | C67: SP | D67: 318 | E67: 1800000587 | F67: 3814 | G67: 0 | H67: =ROUND(F67*1.5%,2) -> 57.21 | I67: =ROUND(F67*1%,2) -> 38.14 | J67: =ROUND(F67*3%,2) -> 114.42 | K67: =ROUND(F67*0.65%,2) -> 24.79 | L67: =SUM(I67:K67) -> 177.35 | M67: =F67-H67-I67-J67-K67 -> 3579.44 | N67: 1400000510 | O67: 46163 | P67: 05/2026 | Q67: TELERISCO | R67: 1018930138 | S67: JMV TRANSPORTES | T67: 30034695000193 | U67: NAO OPTANTE
A68: 05/2026 | B68: 46148 | C68: SP | D68: 319 | E68: 1800000197 | F68: 3385.5 | G68: 0 | H68: =ROUND(F68*1.5%,2) -> 50.78 | I68: =ROUND(F68*1%,2) -> 33.86 | J68: =ROUND(F68*3%,2) -> 101.57 | K68: =ROUND(F68*0.65%,2) -> 22.01 | L68: =SUM(I68:K68) -> 157.44 | M68: =F68-H68-I68-J68-K68 -> 3177.28 | N68: 1400000555 | O68: 46169 | P68: 05/2026 | Q68: TELERISCO | R68: 1018120652 | S68: ARK LOGISTICA | T68: 30341404000100 | U68: NAO OPTANTE
A69: 05/2026 | B69: 46148 | C69: SP | D69: 320 | E69: 1800000556 | F69: 3595 | G69: 0 | H69: =ROUND(F69*1.5%,2) -> 53.93 | I69: =ROUND(F69*1%,2) -> 35.95 | J69: =ROUND(F69*3%,2) -> 107.85 | K69: =ROUND(F69*0.65%,2) -> 23.37 | L69: =SUM(I69:K69) -> 167.17 | M69: =F69-H69-I69-J69-K69 -> 3373.9 | N69: 1400000511 | O69: 46163 | P69: 05/2026 | Q69: TELERISCO | R69: 1019215124 | S69: ARAGUAIA TRANSP | T69: 31554105000116 | U69: NAO OPTANTE
A70: 05/2026 | B70: 46148 | C70: SP | D70: 321 | E70: 1800000600 | F70: 250 | G70: 0 | H70: 0 | I70: =ROUND(F70*1%,2) -> 2.5 | J70: =ROUND(F70*3%,2) -> 7.5 | K70: =ROUND(F70*0.65%,2) -> 1.63 | L70: =SUM(I70:K70) -> 11.63 | M70: =F70-H70-I70-J70-K70 -> 238.37 | N70: 1400000525 | O70: 46163 | P70: 05/2026 | Q70: TELERISCO | R70: 1018645192 | S70: SUNO FOTOVOLTAI | T70: 32764816000188 | U70: NAO OPTANTE
A71: 05/2026 | B71: 46148 | C71: SP | D71: 324 | E71: 1800000616 | F71: 250 | G71: 0 | H71: 0 | I71: =ROUND(F71*1%,2) -> 2.5 | J71: =ROUND(F71*3%,2) -> 7.5 | K71: =ROUND(F71*0.65%,2) -> 1.63 | L71: =SUM(I71:K71) -> 11.63 | M71: =F71-H71-I71-J71-K71 -> 238.37 | N71: 1400000540 | O71: 46163 | P71: 05/2026 | Q71: TELERISCO | R71: 1002640697 | S71: COOTABS | T71: 5370882000109 | U71: NÃO OPTANTE
A72: 05/2026 | B72: 46148 | C72: SP | D72: 325 | E72: 1800000617 | F72: 2117.5 | G72: 0 | H72: =ROUND(F72*1.5%,2) -> 31.76 | I72: =ROUND(F72*1%,2) -> 21.18 | J72: =ROUND(F72*3%,2) -> 63.53 | K72: =ROUND(F72*0.65%,2) -> 13.76 | L72: =SUM(I72:K72) -> 98.47 | M72: =F72-H72-I72-J72-K72 -> 1987.27 | N72: 1400000182 | O72: 21/05/2026 | P72: 05/2026 | Q72: TELERISCO | R72: 1005047386 | S72: PANTERA ALIMENT | T72: 47425731000142 | U72: NAO OPTANTE
A73: 05/2026 | B73: 46148 | C73: SP | D73: 326 | E73: 1800000198 | F73: 3266.5 | G73: 0 | H73: =ROUND(F73*1.5%,2) -> 49 | I73: =ROUND(F73*1%,2) -> 32.67 | J73: =ROUND(F73*3%,2) -> 98 | K73: =ROUND(F73*0.65%,2) -> 21.23 | L73: =SUM(I73:K73) -> 151.9 | M73: =F73-H73-I73-J73-K73 -> 3065.6 | N73: 1400000570 | O73: 46169 | P73: 05/2026 | Q73: TELERISCO | R73: 1018075263 | S73: TRILOG EXPRESS | T73: 58578490000198 | U73: NÃO OPTANTE
A74: 05/2026 | B74: 46148 | C74: SP | D74: 327 | E74: 1800000199 | F74: 250 | G74: 0 | H74: 0 | I74: 0 | J74: 0 | K74: 0 | L74: =SUM(I74:K74) -> 0 | M74: =F74-H74-I74-J74-K74 -> 250 | N74: 1400000585 | O74: 46169 | P74: 05/2026 | Q74: TELERISCO | R74: 1018345066 | S74: TRANSPORTADORA | T74: 57904437000177 | U74: OPTANTE
A75: 05/2026 | B75: 46148 | C75: SP | D75: 328 | E75: 1800000571 | F75: 2689.5 | G75: 0 | H75: =ROUND(F75*1.5%,2) -> 40.34 | I75: =ROUND(F75*1%,2) -> 26.9 | J75: =ROUND(F75*3%,2) -> 80.69 | K75: =ROUND(F75*0.65%,2) -> 17.48 | L75: =SUM(I75:K75) -> 125.07 | M75: =F75-H75-I75-J75-K75 -> 2524.09 | N75: 1400000183 | O75: 46163 | P75: 05/2026 | Q75: TELERISCO | R75: 1017716043 | S75: ANSELMINI | T75: 57951895000167 | U75: NAO OPTANTE
A76: 05/2026 | B76: 46148 | C76: SP | D76: 330 | E76: 1800000618 | F76: 1032.5 | G76: 0 | H76: =ROUND(F76*1.5%,2) -> 15.49 | I76: =ROUND(F76*1%,2) -> 10.33 | J76: =ROUND(F76*3%,2) -> 30.98 | K76: =ROUND(F76*0.65%,2) -> 6.71 | L76: =SUM(I76:K76) -> 48.02 | M76: =F76-H76-I76-J76-K76 -> 968.99 | N76: 1400000184 | O76: 46163 | P76: 05/2026 | Q76: TELERISCO | R76: 1015739477 | S76: SEVAL LOG | T76: 39857410000199 | U76: NAO OPTANTE
A77: 05/2026 | B77: 46148 | C77: SP | D77: 332 | E77: 1800000620 | F77: 1025.5 | G77: 0 | H77: =ROUND(F77*1.5%,2) -> 15.38 | I77: =ROUND(F77*1%,2) -> 10.26 | J77: =ROUND(F77*3%,2) -> 30.77 | K77: =ROUND(F77*0.65%,2) -> 6.67 | L77: =SUM(I77:K77) -> 47.7 | M77: =F77-H77-I77-J77-K77 -> 962.42 | N77: 1400000185 | O77: 46163 | P77: 05/2026 | Q77: TELERISCO | R77: 1007834227 | S77: ZANIN TRANSPORT | T77: 14457026000178 | U77: NAO OPTANTE
A78: 05/2026 | B78: 46148 | C78: SP | D78: 333 | E78: 1800000621 | F78: 421 | G78: 0 | H78: 0 | I78: 0 | J78: 0 | K78: 0 | L78: =SUM(I78:K78) -> 0 | M78: =F78-H78-I78-J78-K78 -> 421 | N78: 1400000496 | O78: 46163 | P78: 05/2026 | Q78: TELERISCO | R78: 1017130541 | S78: TRANSPACKLOG | T78: 53045500000106 | U78: OPTANTE
A79: 05/2026 | B79: 46148 | C79: SP | D79: 334 | E79: 1800000544 | F79: 699.5 | G79: 0 | H79: =ROUND(F79*1.5%,2) -> 10.49 | I79: =ROUND(F79*1%,2) -> 7 | J79: =ROUND(F79*3%,2) -> 20.99 | K79: =ROUND(F79*0.65%,2) -> 4.55 | L79: =SUM(I79:K79) -> 32.54 | M79: =F79-H79-I79-J79-K79 -> 656.47 | N79: 1400000301 | O79: 46163 | P79: 05/2026 | Q79: TELERISCO | R79: 1016411263 | S79: PROLOG TRANSP E | T79: 13214075000117 | U79: NAO OPTANTE
A80: 05/2026 | B80: 46148 | C80: SP | D80: 335 | E80: 1800000545 | F80: 897 | G80: 0 | H80: =ROUND(F80*1.5%,2) -> 13.46 | I80: =ROUND(F80*1%,2) -> 8.97 | J80: =ROUND(F80*3%,2) -> 26.91 | K80: =ROUND(F80*0.65%,2) -> 5.83 | L80: =SUM(I80:K80) -> 41.71 | M80: =F80-H80-I80-J80-K80 -> 841.83 | N80: 1400000226 | O80: 46163 | P80: 05/2026 | Q80: TELERISCO | R80: 1019275110 | S80: GRAO DE OURO CE | T80: 53170725000194 | U80: NAO OPTANTE
A81: 05/2026 | B81: 46148 | C81: SP | D81: 337 | E81: 1800000547 | F81: 511.5 | G81: 0 | H81: 0 | I81: 0 | J81: 0 | K81: 0 | L81: =SUM(I81:K81) -> 0 | M81: =F81-H81-I81-J81-K81 -> 511.5 | N81: 1400000227 | O81: 46163 | P81: 05/2026 | Q81: TELERISCO | R81: 1018840151 | S81: EAGLE TECH LOG | T81: 55365607000167 | U81: OPTANTE
A82: 05/2026 | B82: 46148 | C82: SP | D82: 338 | E82: 1800000630 | F82: 250 | G82: 0 | H82: 0 | I82: =ROUND(F82*1%,2) -> 2.5 | J82: =ROUND(F82*3%,2) -> 7.5 | K82: =ROUND(F82*0.65%,2) -> 1.63 | L82: =SUM(I82:K82) -> 11.63 | M82: =F82-H82-I82-J82-K82 -> 238.37 | N82: 1400000512 | O82: 46163 | P82: 05/2026 | Q82: TELERISCO | R82: 1016506511 | S82: CENTRAL LOG TRA | T82: 38345653000185 | U82: NAO OPTANTE | V82: 11132050
A83: 05/2026 | B83: 46148 | C83: SP | D83: 339 | E83: 1800000572 | F83: 250 | G83: 0 | H83: 0 | I83: =ROUND(F83*1%,2) -> 2.5 | J83: =ROUND(F83*3%,2) -> 7.5 | K83: =ROUND(F83*0.65%,2) -> 1.63 | L83: =SUM(I83:K83) -> 11.63 | M83: =F83-H83-I83-J83-K83 -> 238.37 | N83: 1400000513 | O83: 46163 | P83: 05/2026 | Q83: TELERISCO | R83: 1005618488 | S83: CENTRAL DE TRAN | T83: 8152302000197 | U83: NAO OPTANTE | V83: 11311094
A84: =TEXT(B84,"mm/aaaa") -> 01/2026 | B84: 46048 | C84: SP | D84: 256 | E84: 1800000075 | F84: 7990.17 | G84: 0 | H84: =ROUND(F84*1.5%,2) -> 119.85 | I84: =ROUND(F84*1%,2) -> 79.9 | J84: =ROUND(F84*3%,2) -> 239.71 | K84: =ROUND(F84*0.65%,2) -> 51.94 | L84: =SUM(I84:K84) -> 371.55 | M84: =F84-H84-I84-J84-K84 -> 7498.77 | N84: 1400000660 | O84: 46155 | P84: 05/2026 | Q84: 3115 | R84: 1007620183 | S84: GOLDEN SAT | T84: 9446817000162 | U84: NÃO optante pelo Simples Nacional | V84: 11311094
A85: =TEXT(B85,"mm/aaaa") -> 02/2026 | B85: 46079 | C85: SP | D85: 269 | E85: 1800000165 | F85: 3906.58 | H85: =ROUND(F85*1.5%,2) -> 58.6 | I85: =ROUND(F85*1%,2) -> 39.07 | J85: =ROUND(F85*3%,2) -> 117.2 | K85: =ROUND(F85*0.65%,2) -> 25.39 | L85: =SUM(I85:K85) -> 181.66 | M85: =F85-H85-I85-J85-K85 -> 3666.32 | N85: 1400000660 | O85: 46162 | P85: 05/2026 | Q85: 3115 | R85: 1007620183 | S85: GOLDEN SAT | T85: 9446817000162 | U85: NÃO optante pelo Simples Nacional | V85: 11311094
A86: =TEXT(B86,"mm/aaaa") -> 03/2026 | B86: 46108 | C86: SP | D86: 286 | E86: 1800000330 | F86: 4605.8 | G86: 0 | H86: =ROUND(F86*1.5%,2) -> 69.09 | I86: =ROUND(F86*1%,2) -> 46.06 | J86: =ROUND(F86*3%,2) -> 138.17 | K86: =ROUND(F86*0.65%,2) -> 29.94 | L86: =SUM(I86:K86) -> 214.17 | M86: =F86-H86-I86-J86-K86 -> 4322.54 | N86: 1400000660 | O86: 46162 | P86: 05/2026 | Q86: 3115 | R86: 1007620183 | S86: GOLDEN SAT | T86: 9446817000162 | U86: NÃO optante pelo Simples Nacional | V86: 11132050
A87: =TEXT(B87,"mm/aaaa") -> 04/2026 | B87: 46118 | C87: SP | D87: 297 | E87: 1800000466 | F87: 2127 | G87: 0 | H87: =ROUND(F87*1.5%,2) -> 31.91 | I87: =ROUND(F87*1%,2) -> 21.27 | J87: =ROUND(F87*3%,2) -> 63.81 | K87: =ROUND(F87*0.65%,2) -> 13.83 | L87: =SUM(I87:K87) -> 98.91 | M87: =F87-H87-I87-J87-K87 -> 1996.18 | N87: 1400000615 | O87: 46170 | P87: 05/2026 | Q87: TELERISCO | R87: 1013447909 | S87: PRIMESERV LOGISTICA E SERVICOS LTDA | T87: 5514753000139 | U87: NÃO optante pelo Simples Nacional | V87: 11311094
A88: =TEXT(B88,"mm/aaaa") -> 04/2026 | B88: 46118 | C88: SP | D88: 301 | E88: 1800000435 | F88: 250 | G88: 0 | H88: 0 | I88: 0 | J88: 0 | K88: 0 | L88: =SUM(I88:K88) -> 0 | M88: =F88-H88-I88-J88-K88 -> 250 | N88: 1400000465 | O88: 46156 | P88: 05/2026 | Q88: TELERISCO | R88: 1018840151 | S88: EAGLE GROUP TECHNOLOGIES LOGISTICS E TRANSPORTS LTDA | T88: 55365607000167 | U88: Optante pelo Simples Nacional desde 03/06/2024 | V88: 11132050
A89: 05/2026 | B89: 46150 | C89: SP | D89: 345 | F89: 3339 | G89: 0 | H89: =ROUND(F89*1.5%,2) -> 50.09 | I89: =ROUND(F89*1%,2) -> 33.39 | J89: =ROUND(F89*3%,2) -> 100.17 | K89: =ROUND(F89*0.65%,2) -> 21.7 | L89: =SUM(I89:K89) -> 155.26 | M89: =F89-H89-I89-J89-K89 -> 3133.65 | N89: 1400000600 | O89: 46169 | P89: 05/2026 | Q89: NSTECH | R89: =VLOOKUP(T89,'[1]SOMPO RISK'!$A$1:$C$40,3,0) -> 1013232744 | S89: SPEED TRANSPORTES LTDA | T89: 14444785000104 | U89: NÃO optante pelo Simples Nacional | V89: 11311094
A90: 05/2026 | B90: 46150 | C90: SP | D90: 348 | F90: 9993 | G90: 0 | H90: =ROUND(F90*1.5%,2) -> 149.9 | I90: =ROUND(F90*1%,2) -> 99.93 | J90: =ROUND(F90*3%,2) -> 299.79 | K90: =ROUND(F90*0.65%,2) -> 64.95 | L90: =SUM(I90:K90) -> 464.67 | M90: =F90-H90-I90-J90-K90 -> 9378.43 | N90: 1400000334 | O90: 46171 | P90: 05/2026 | Q90: NSTECH | R90: =VLOOKUP(T90,'[1]SOMPO RISK'!$A$1:$C$40,3,0) -> 1019275110 | S90: NA-LOG TRANSPORTES LTDA | T90: 26822980000100 | U90: NÃO optante pelo Simples Nacional | V90: 11311094
A91: 05/2026 | B91: 46150 | C91: SP | D91: 350 | F91: 4650.5 | G91: 0 | H91: =ROUND(F91*1.5%,2) -> 69.76 | I91: =ROUND(F91*1%,2) -> 46.51 | J91: =ROUND(F91*3%,2) -> 139.52 | K91: =ROUND(F91*0.65%,2) -> 30.23 | L91: =SUM(I91:K91) -> 216.26 | M91: =F91-H91-I91-J91-K91 -> 4364.48 | N91: 1400000286 | O91: 46171 | P91: 05/2026 | Q91: NSTECH | R91: =VLOOKUP(T91,'[1]SOMPO RISK'!$A$1:$C$40,3,0) -> 1001187614 | S91: ACP TRANSPORTES LTDA | T91: 7881225000143 | U91: NÃO optante pelo Simples Nacional | V91: 11311094
A92: 05/2026 | B92: 46148 | C92: SP | D92: 322 | E92: 1800000615 | F92: 250 | G92: 0 | H92: 0 | I92: =ROUND(F92*1%,2) -> 2.5 | J92: =ROUND(F92*3%,2) -> 7.5 | K92: =ROUND(F92*0.65%,2) -> 1.63 | L92: =SUM(I92:K92) -> 11.63 | M92: =F92-H92-I92-J92-K92 -> 238.37 | N92: 1400000645 | O92: 46174 | P92: 06/2026 | Q92: TELERISCO | R92: 1016771816 | S92: UNNI | T92: 41607658000143 | U92: NAO OPTANTE | V92: 11311094
A93: 02/2026 | B93: 46062 | C93: SP | D93: 268 | E93: 1800000106 | F93: 69 | H93: 0 | I93: 0 | J93: 0 | K93: 0 | L93: 0 | M93: 69 | N93: 1400000750 | O93: 46198 | P93: 06/2026 | Q93: TELERISCO | R93: 1018840151 | S93: EAGLE GROUP TECHNOLOGIES LOGISTICS E TRANSPORTS LTDA | T93: 55365607000167 | U93: Optante pelo Simples Nacional | V93: 11311094
A94: 04/2026 | B94: 46118 | C94: SP | D94: 289 | E94: 1800000422 | F94: 333 | G94: 0 | H94: 0 | I94: =ROUND(F94*1%,2) -> 3.33 | J94: =ROUND(F94*3%,2) -> 9.99 | K94: =ROUND(F94*0.65%,2) -> 2.16 | L94: =SUM(I94:K94) -> 15.48 | M94: 317.52 | N94: 1400000766 | O94: 46198 | P94: 06/2026 | Q94: TELERISCO | R94: 1013068932 | S94: ALESSANDRO TRANSPORTES | T94: 27562235000123 | U94: NÃO optante pelo Simples Nacional | V94: 11311094
A95: 06/2026 | B95: 46182 | C95: SP | D95: 384 | E95: 1800000844 | F95: 690 | G95: 0 | H95: 10.35 | I95: =ROUND(F95*1%,2) -> 6.9 | J95: =ROUND(F95*3%,2) -> 20.7 | K95: =ROUND(F95*0.65%,2) -> 4.49 | L95: =SUM(I95:K95) -> 32.09 | M95: 647.56 | N95: 1400000697 | O95: 46182 | P95: 06/2026 | Q95: TELERISCO | R95: 1015739477 | S95: SEVAL LOG | T95: 39857410000199 | U95: NÃO optante pelo Simples Nacional | V95: 11311094
A96: 06/2026 | B96: 46182 | C96: SP | D96: 365 | E96: 1800000782 | F96: 930 | G96: 0 | H96: 13.95 | I96: =ROUND(F96*1%,2) -> 9.3 | J96: =ROUND(F96*3%,2) -> 27.9 | K96: =ROUND(F96*0.65%,2) -> 6.05 | L96: =SUM(I96:K96) -> 43.25 | M96: 872.8 | N96: 1400000720 | O96: 46182 | P96: 06/2026 | Q96: TELERISCO | R96: 1019125108 | S96: ADM COMERCIO TRANS | T96: 8799020000186 | U96: NÃO optante pelo Simples Nacional | V96: 11311094
A97: 06/2026 | B97: 46182 | C97: SP | D97: 364 | E97: 1800000781 | F97: 966 | G97: 0 | H97: 14.49 | I97: =ROUND(F97*1%,2) -> 9.66 | J97: =ROUND(F97*3%,2) -> 28.98 | K97: =ROUND(F97*0.65%,2) -> 6.28 | L97: =SUM(I97:K97) -> 44.92 | M97: 906.59 | N97: 1400000705 | O97: 46182 | P97: 06/2026 | Q97: TELERISCO | R97: 1015741186 | S97: CENTER CARGO MANAUS | T97: 8208384000225 | U97: NÃO optante pelo Simples Nacional | V97: 11311094
A98: 05/2026 | B98: 46148 | C98: SP | D98: 323 | E98: 1800000601 | F98: 69 | G98: 0 | H98: 0 | I98: 0 | J98: 0 | K98: 0 | L98: 0 | M98: 69 | N98: 1400000691 | O98: 46198 | P98: 06/2026 | Q98: TELERISCO | R98: 1019230094 | S98: ARTUR PEREIRA | T98: 46923661000190 | U98: Optante pelo Simples Nacional | V98: 11311094
A99: 04/2026 | B99: 46118 | C99: SP | D99: 309 | E99: 1800000137 | F99: 975 | G99: 0 | H99: 14.63 | I99: =ROUND(F99*1%,2) -> 9.75 | J99: =ROUND(F99*3%,2) -> 29.25 | K99: =ROUND(F99*0.65%,2) -> 6.34 | L99: =SUM(I99:K99) -> 45.34 | M99: 915.03 | N99: 1400000196 | O99: 46198 | P99: 06/2026 | Q99: TELERISCO | R99: 1019200174 | S99: A C PORTELA LTDA | T99: 32817557000106 | U99: NÃO optante pelo Simples Nacional | V99: 11132091
A100: 06/2026 | B100: 46182 | C100: SP | D100: 371 | E100: 1800000783 | F100: 1299 | G100: 0 | H100: 19.49 | I100: =ROUND(F100*1%,2) -> 12.99 | J100: =ROUND(F100*3%,2) -> 38.97 | K100: =ROUND(F100*0.65%,2) -> 8.44 | L100: =SUM(I100:K100) -> 60.4 | M100: 1219.11 | N100: 1400000695 | O100: 46182 | P100: 06/2026 | Q100: TELERISCO | R100: 1013068932 | S100: ALESSANDRO TRANS | T100: 27562235000123 | U100: NÃO optante pelo Simples Nacional | V100: 11311094
A101: 06/2026 | B101: 46182 | C101: SP | D101: 361 | E101: 1800000227 | F101: 250 | G101: 0 | H101: 0 | I101: =ROUND(F101*1%,2) -> 2.5 | J101: =ROUND(F101*3%,2) -> 7.5 | K101: =ROUND(F101*0.65%,2) -> 1.63 | L101: =SUM(I101:K101) -> 11.63 | M101: 238.37 | N101: 1400000287 | O101: 46182 | P101: 06/2026 | Q101: TELERISCO | R101: 1002640697 | S101: COOTABS | T101: 5370882000109 | U101: NÃO optante pelo Simples Nacional | V101: 11311094
...

Sheet Conciliação
B1: IRRF A COMPENSAR | F1: PIS A COMPENSAR | J1: COFINS A COMPENSAR | N1: CSLL A COMPENSAR | U1: 3 | V1: 4 | W1: 5 | X1: 6 | Y1: 7 | Z1: 8
B2: 11641009 | F2: 11644004 | J2: 11644005 | N2: 11642005 | S2: Table
A3: COMP | C3: Controle | D3: Dif | F3: Balancete | G3: Controle | H3: Dif | J3: Balancete | K3: Controle | L3: Dif | N3: Balancete | O3: Controle | P3: Dif | T3: Exercício/período | U3: 001.2026 | V3: 002.2026 | W3: 003.2026 | X3: 004.2026 | Y3: 005.2026 | Z3: 006.2026
A4: 46023 | B4: =VLOOKUP(B2,S2:AF10,3,0) -> 676.02 | C4: =SUMIF(RECEBIMENTO!$P$5:$P$202,Conciliação!A4,RECEBIMENTO!$H$5:$H$202) -> 676.02 | D4: =B4-C4 -> 0 | F4: =VLOOKUP(F2,$S$3:$AA$10,3,0) -> 362.69 | G4: =SUMIF(RECEBIMENTO!$P$5:$P$202,$A$4,RECEBIMENTO!$K$5:$K$202) -> 296.5 | H4: =F4-G4 -> 66.19 | J4: =VLOOKUP(J2,$S$3:$AA$10,3,0) -> 1775.79 | K4: =SUMIF(RECEBIMENTO!$P$5:$P$202,$A$4,RECEBIMENTO!$J$5:$J$202) -> 1368.48 | L4: =J4-K4 -> 407.31 | N4: =VLOOKUP(N2,$S$3:$AA$10,3,0) -> 456.17 | O4: =SUMIF(RECEBIMENTO!$P$5:$P$202,$A$4,RECEBIMENTO!$I$5:$I$202) -> 456.17 | P4: =N4-O4 -> 0 | S4: Conta do Razão | U4: Débitos | V4: Débitos | W4: Débitos | X4: Débitos | Y4: Débitos | Z4: Débitos
A5: 46054 | B5: =VLOOKUP($B$2,$S$2:$AF$11,4,0) -> 33142.17 | C5: =SUMIF(RECEBIMENTO!$P$5:$P$202,Conciliação!A5,RECEBIMENTO!$H$5:$H$202) -> 609.49 | D5: =B5-C5 -> 32532.68 | F5: =VLOOKUP($F$2,$S$2:$X$11,4,0) -> 270.98 | G5: =SUMIF(RECEBIMENTO!$P$5:$P$202,Conciliação!$A$5,RECEBIMENTO!$K$5:$K$202) -> 270.98 | H5: =F5-G5 -> 0 | J5: =VLOOKUP($J$2,$S$2:$X$11,4,0) -> 1250.7 | K5: =SUMIF(RECEBIMENTO!$P$5:$P$202,Conciliação!$A$5,RECEBIMENTO!$J$5:$J$202) -> 1250.7 | L5: =J5-K5 -> 0 | N5: =VLOOKUP($N$2,$S$2:$X$11,4,0) -> 11762.82 | O5: =SUMIF(RECEBIMENTO!$P$5:$P$202,Conciliação!$A$5,RECEBIMENTO!$I$5:$I$202) -> 416.91 | P5: =N5-O5 -> 11345.91 | S5: 11311011 | T5: SOMPO SEG REC RECEIT | U5: 7990.17 | V5: 23534.95 | W5: 4605.8 | X5: 2559.73 | Y5: 23127.07 | Z5: 17447.3
A6: 46082 | B6: =VLOOKUP($B$2,$S$2:$AF$11,5,0) -> 370.8 | C6: =SUMIF(RECEBIMENTO!$P$5:$P$202,Conciliação!A6,RECEBIMENTO!$H$5:$H$202) -> 370.8 | D6: =B6-C6 -> 0 | F6: =VLOOKUP($F$2,$S$2:$X$11,5,0) -> 166.18 | G6: =SUMIF(RECEBIMENTO!$P$5:$P$202,Conciliação!$A$6,RECEBIMENTO!$K$5:$K$202) -> 166.18 | H6: =F6-G6 -> 0 | J6: =VLOOKUP($J$2,$S$2:$X$11,5,0) -> 766.94 | K6: =SUMIF(RECEBIMENTO!$P$5:$P$202,Conciliação!$A$6,RECEBIMENTO!$J$5:$J$202) -> 766.94 | L6: =J6-K6 -> 0 | N6: =VLOOKUP($N$2,$S$2:$X$11,5,0) -> 255.65 | O6: =SUMIF(RECEBIMENTO!$P$5:$P$202,Conciliação!$A$6,RECEBIMENTO!$I$5:$I$202) -> 255.65 | P6: =N6-O6 -> 0 | S6: 11311094 | T6: Clientes SompoRisk | U6: 40381 | V6: 41289.5 | W6: 33783 | X6: 54959.5 | Y6: 64549.5 | Z6: 79288
A7: 46113 | B7: =VLOOKUP($B$2,$S$2:$AF$11,6,0) -> 626.91 | C7: =SUMIF(RECEBIMENTO!$P$5:$P$202,Conciliação!A7,RECEBIMENTO!$H$5:$H$202) -> 676.59 | D7: =B7-C7 -> -49.68 | F7: =VLOOKUP($F$2,$S$2:$AF$11,6,0) -> 947.28 | G7: =SUMIF(RECEBIMENTO!$P$5:$P$202,Conciliação!$A$7,RECEBIMENTO!$K$5:$K$202) -> 301.34 | H7: =F7-G7 -> 645.94 | J7: =VLOOKUP($J$2,$S$2:$X$11,6,0) -> 4365.8 | K7: =SUMIF(RECEBIMENTO!$P$5:$P$202,Conciliação!$A$7,RECEBIMENTO!$J$5:$J$202) -> 1390.7 | L7: =J7-K7 -> 2975.1 | N7: =VLOOKUP($N$2,$S$2:$X$11,6,0) -> 427.96 | O7: =SUMIF(RECEBIMENTO!$P$5:$P$202,Conciliação!$A$7,RECEBIMENTO!$I$5:$I$202) -> 463.58 | P7: =N7-O7 -> -35.62 | S7: 11642005 | T7: CSLL RETIDO A COMP | U7: 456.17 | V7: 11762.82 | W7: 255.65 | X7: 427.96 | Y7: 919.21 | Z7: 871.14
A8: 46143 | B8: =VLOOKUP($B$2,$S$2:$AF$11,7,0) -> 1359.99 | C8: =SUMIF(RECEBIMENTO!$P$5:$P$202,Conciliação!A8,RECEBIMENTO!$H$5:$H$202) -> 1359.99 | D8: =B8-C8 -> 0 | F8: =VLOOKUP($F$2,$S$2:$AF$11,7,0) -> 597.48 | G8: =SUMIF(RECEBIMENTO!$P$5:$P$202,Conciliação!A8,RECEBIMENTO!$K$5:$K$202) -> 597.48 | H8: =F8-G8 -> 0 | J8: =VLOOKUP($J$2,$S$2:$AF$11,7,0) -> 2757.5 | K8: =SUMIF(RECEBIMENTO!$P$5:$P$202,Conciliação!A8,RECEBIMENTO!$J$5:$J$202) -> 2757.5 | L8: =J8-K8 -> 0 | N8: =VLOOKUP($N$2,$S$2:$AF$11,7,0) -> 919.21 | O8: =SUMIF(RECEBIMENTO!$P$5:$P$202,Conciliação!A8,RECEBIMENTO!$I$5:$I$202) -> 919.21 | P8: =N8-O8 -> 0 | S8: 11644005 | T8: COFINS RETIDO A COMP | U8: 1775.79 | V8: 1250.7 | W8: 766.94 | X8: 4365.8 | Y8: 2757.5 | Z8: 2613.33
A9: 46174 | B9: =VLOOKUP($B$2,$S$2:$AF$11,8,0) -> 1225.76 | C9: =SUMIF(RECEBIMENTO!$P$5:$P$202,Conciliação!A9,RECEBIMENTO!$H$5:$H$202) -> 1225.76 | D9: =B9-C9 -> 0 | F9: =VLOOKUP($F$2,$S$2:$AF$11,8,0) -> 566.26 | G9: =SUMIF(RECEBIMENTO!$P$5:$P$202,Conciliação!A9,RECEBIMENTO!$K$5:$K$202) -> 566.26 | H9: =F9-G9 -> 0 | J9: =VLOOKUP($J$2,$S$2:$AF$11,8,0) -> 2613.33 | K9: =SUMIF(RECEBIMENTO!$P$5:$P$202,Conciliação!A9,RECEBIMENTO!$J$5:$J$202) -> 2613.33 | L9: =J9-K9 -> 0 | N9: =VLOOKUP($N$2,$S$2:$AF$11,8,0) -> 871.14 | O9: =SUMIF(RECEBIMENTO!$P$5:$P$202,Conciliação!A9,RECEBIMENTO!$I$5:$I$202) -> 871.14 | P9: =N9-O9 -> 0 | S9: 11644004 | T9: PIS RETIDO A COMP | U9: 362.69 | V9: 270.98 | W9: 166.18 | X9: 947.28 | Y9: 597.48 | Z9: 566.26
A10: 46204 | B10: =VLOOKUP($B$2,$S$2:$AF$11,9,0) -> 0 | C10: =SUMIF(RECEBIMENTO!$P$5:$P$202,Conciliação!A10,RECEBIMENTO!$H$5:$H$202) -> 0 | D10: =B10-C10 -> 0 | F10: =VLOOKUP($F$2,$S$2:$AF$11,9,0) -> 0 | G10: =SUMIF(RECEBIMENTO!$P$5:$P$202,Conciliação!A10,RECEBIMENTO!$K$5:$K$202) -> 0 | H10: =F10-G10 -> 0 | K10: =SUMIF(RECEBIMENTO!$P$5:$P$202,Conciliação!A10,RECEBIMENTO!$J$5:$J$202) -> 0 | L10: =J10-K10 -> 0 | O10: =SUMIF(RECEBIMENTO!$P$5:$P$202,Conciliação!A10,RECEBIMENTO!$I$5:$I$202) -> 0 | P10: =N10-O10 -> 0 | S10: 11641009 | T10: IR RETIDO SERV PREST | U10: 676.02 | V10: 33142.17 | W10: 370.8 | X10: 626.91 | Y10: 1359.99 | Z10: 1225.76
A11: 46235 | B11: =VLOOKUP($B$2,$S$2:$AF$11,10,0) -> 0 | C11: =SUMIF(RECEBIMENTO!$P$5:$P$202,Conciliação!A11,RECEBIMENTO!$H$5:$H$202) -> 0 | D11: =B11-C11 -> 0 | F11: =VLOOKUP($F$2,$S$2:$AF$11,10,0) -> 0 | G11: =SUMIF(RECEBIMENTO!$P$5:$P$202,Conciliação!A11,RECEBIMENTO!$K$5:$K$202) -> 0 | H11: =F11-G11 -> 0 | K11: =SUMIF(RECEBIMENTO!$P$5:$P$202,Conciliação!A11,RECEBIMENTO!$J$5:$J$202) -> 0 | L11: =J11-K11 -> 0 | O11: =SUMIF(RECEBIMENTO!$P$5:$P$202,Conciliação!A11,RECEBIMENTO!$I$5:$I$202) -> 0 | P11: =N11-O11 -> 0
A12: 46266 | B12: =VLOOKUP($B$2,$S$2:$AF$11,11,0) -> 0 | C12: =SUMIF(RECEBIMENTO!$P$5:$P$202,Conciliação!A12,RECEBIMENTO!$H$5:$H$202) -> 0 | D12: =B12-C12 -> 0 | F12: =VLOOKUP($F$2,$S$2:$AF$11,11,0) -> 0 | G12: =SUMIF(RECEBIMENTO!$P$5:$P$202,Conciliação!A12,RECEBIMENTO!$K$5:$K$202) -> 0 | H12: =F12-G12 -> 0 | K12: =SUMIF(RECEBIMENTO!$P$5:$P$202,Conciliação!A12,RECEBIMENTO!$J$5:$J$202) -> 0 | L12: =J12-K12 -> 0 | O12: =SUMIF(RECEBIMENTO!$P$5:$P$202,Conciliação!A12,RECEBIMENTO!$I$5:$I$202) -> 0 | P12: =N12-O12 -> 0
A13: 46296 | B13: =VLOOKUP($B$2,$S$2:$AF$11,12,0) -> 0 | C13: =SUMIF(RECEBIMENTO!$P$5:$P$202,Conciliação!A13,RECEBIMENTO!$H$5:$H$202) -> 0 | D13: =B13-C13 -> 0 | F13: =VLOOKUP($F$2,$S$2:$AF$11,12,0) -> 0 | G13: =SUMIF(RECEBIMENTO!$P$5:$P$202,Conciliação!A13,RECEBIMENTO!$K$5:$K$202) -> 0 | H13: =F13-G13 -> 0 | K13: =SUMIF(RECEBIMENTO!$P$5:$P$202,Conciliação!A13,RECEBIMENTO!$J$5:$J$202) -> 0 | L13: =J13-K13 -> 0 | O13: =SUMIF(RECEBIMENTO!$P$5:$P$202,Conciliação!A13,RECEBIMENTO!$I$5:$I$202) -> 0 | P13: =N13-O13 -> 0
A14: 46327 | B14: =VLOOKUP($B$2,$S$2:$AF$11,13,0) -> 0 | C14: =SUMIF(RECEBIMENTO!$P$5:$P$202,Conciliação!A14,RECEBIMENTO!$H$5:$H$202) -> 0 | D14: =B14-C14 -> 0 | F14: =VLOOKUP($F$2,$S$2:$AF$11,13,0) -> 0 | G14: =SUMIF(RECEBIMENTO!$P$5:$P$202,Conciliação!A14,RECEBIMENTO!$K$5:$K$202) -> 0 | H14: =F14-G14 -> 0 | K14: =SUMIF(RECEBIMENTO!$P$5:$P$202,Conciliação!A14,RECEBIMENTO!$J$5:$J$202) -> 0 | L14: =J14-K14 -> 0 | O14: =SUMIF(RECEBIMENTO!$P$5:$P$202,Conciliação!A14,RECEBIMENTO!$I$5:$I$202) -> 0 | P14: =N14-O14 -> 0
A15: 46357 | B15: =VLOOKUP($B$2,$S$2:$AF$11,14,0) -> 0 | C15: =SUMIF(RECEBIMENTO!$P$5:$P$202,Conciliação!A15,RECEBIMENTO!$H$5:$H$202) -> 0 | D15: =B15-C15 -> 0 | F15: =VLOOKUP($F$2,$S$2:$AF$11,14,0) -> 0 | G15: =SUMIF(RECEBIMENTO!$P$5:$P$202,Conciliação!A15,RECEBIMENTO!$K$5:$K$202) -> 0 | H15: =F15-G15 -> 0 | K15: =SUMIF(RECEBIMENTO!$P$5:$P$202,Conciliação!A15,RECEBIMENTO!$J$5:$J$202) -> 0 | L15: =J15-K15 -> 0 | O15: =SUMIF(RECEBIMENTO!$P$5:$P$202,Conciliação!A15,RECEBIMENTO!$I$5:$I$202) -> 0 | P15: =N15-O15 -> 0
C16: =SUM(C4:C15) -> 4918.65 | G16: =SUM(G4:G15) -> 2198.74 | K16: =SUM(K4:K15) -> 10147.65 | O16: =SUM(O4:O15) -> 3382.66
